device,impl,chunk,rep,subject,fit_time_s,ll_final,n_iter,n_samples,mem_gb,cgroup_gb
gpu,jamica,1024,1,sub-01,542.4909644050058,-1.1530381242482453,3000,785328,3.3712158203125,2.6307411193847656
gpu,jamica,1024,1,sub-02,930.5777677709702,-1.0324298319494591,3000,1364633,5.3731689453125,3.8076400756835938
gpu,jamica,1024,1,sub-03,763.1473555769771,-1.1286274949258368,3000,1099796,5.3731689453125,3.8599700927734375
gpu,jamica,1024,1,sub-04,723.2033599760616,-1.164613683234757,3000,1057036,5.3731689453125,3.7789382934570312
gpu,jamica,1024,1,sub-05,707.3352918790188,-0.92648416002274,3000,1038926,3.3712158203125,3.6349754333496094
gpu,jamica,1024,1,sub-06,712.8256743249949,-1.1611735291213034,3000,1042909,3.3712158203125,3.385051727294922
gpu,jamica,1024,1,sub-07,799.2411826888565,-1.2031512126280128,3000,1174503,5.3731689453125,4.016323089599609
gpu,jamica,1024,1,sub-08,800.7879173660185,-1.264018262533322,3000,1159910,5.3731689453125,4.025947570800781
gpu,jamica,1024,1,sub-09,778.3053199620917,-1.051527740490089,3000,1146679,5.3731689453125,3.460155487060547
gpu,jamica,1024,1,sub-10,775.0056849909015,-1.020654768622571,3000,1139466,5.3731689453125,3.919769287109375
gpu,jamica,1024,1,sub-11,776.3597865500487,-1.2405637171570059,3000,1104857,5.3731689453125,3.9270553588867188
gpu,jamica,1024,1,sub-12,765.3567094519967,-1.0999446610173398,3000,1111932,5.3731689453125,3.9531211853027344
gpu,jamica,1024,1,sub-13,763.1235355869867,-1.1788683958574568,3000,1120666,5.3731689453125,3.441143035888672
gpu,jamica,1024,1,sub-14,759.5242146109231,-1.2891187676494018,3000,1129764,5.3731689453125,3.937091827392578
gpu,jamica,1024,1,sub-15,652.2599026348908,-1.083550867946016,2571,1105757,5.3731689453125,3.406658172607422
gpu,jamica,1024,1,sub-16,712.0792498351075,-1.0282722885383868,2743,1151916,5.3731689453125,3.480712890625
gpu,jamica,1024,1,sub-17,761.735381731065,-1.1027248000168604,3000,1119559,5.3731689453125,3.9353256225585938
gpu,jamica,1024,1,sub-18,792.2834126490634,-1.0258371993486497,3000,1155503,5.3731689453125,3.9785804748535156
gpu,jamica,1024,1,sub-19,768.3247630000114,-1.041012504656721,3000,1117345,5.3731689453125,3.9228591918945312
gpu,jamica,1024,1,sub-20,630.4008163958788,-0.984482174387985,3000,916388,3.3712158203125,2.9247055053710938
gpu,jamica_fullbatch,1024,1,sub-01,44.53259746299591,-1.1530376422373874,3000,785328,,
gpu,jamica_fullbatch,1024,1,sub-02,80.32778499298729,-1.0324586195297716,3000,1364633,,
gpu,jamica_fullbatch,1024,1,sub-03,59.53772735199891,-1.1286274894044452,3000,1099796,,
gpu,jamica_fullbatch,1024,1,sub-04,64.42817236902192,-1.164587563140818,3000,1057036,,
gpu,jamica_fullbatch,1024,1,sub-05,65.84019680100027,-0.9264839735605298,3000,1038926,,
gpu,jamica_fullbatch,1024,1,sub-06,56.58759170304984,-1.1611738615618745,3000,1042909,,
gpu,jamica_fullbatch,1024,1,sub-07,63.14437169302255,-1.2031512923337047,3000,1174503,,
gpu,jamica_fullbatch,1024,1,sub-08,61.45461804093793,-1.2640187377624543,3000,1159910,,
gpu,jamica_fullbatch,1024,1,sub-09,72.10421771300025,-1.051526415875,3000,1146679,,
gpu,jamica_fullbatch,1024,1,sub-10,59.08885934599675,-1.0206547168092708,3000,1139466,,
gpu,jamica_fullbatch,1024,1,sub-11,64.74009101197589,-1.240563688674778,3000,1104857,,
gpu,jamica_fullbatch,1024,1,sub-12,60.47349764104001,-1.1002105203884152,3000,1111932,,
gpu,jamica_fullbatch,1024,1,sub-13,67.2425629630452,-1.1788692591811865,3000,1120666,,
gpu,jamica_fullbatch,1024,1,sub-14,73.30826649197843,-1.289118726129344,3000,1129764,,
gpu,jamica_fullbatch,1024,1,sub-15,55.69360846397467,-1.083552682348973,2567,1105757,,
gpu,jamica_fullbatch,1024,1,sub-16,54.45909211598337,-1.0282724181422143,2697,1151916,,
gpu,jamica_fullbatch,1024,1,sub-17,68.83981518703513,-1.1027168896339412,3000,1119559,,
gpu,jamica_fullbatch,1024,1,sub-18,72.78864306001924,-1.0258367850899335,3000,1155503,,
gpu,jamica_fullbatch,1024,1,sub-19,70.14481793192681,-1.0410128258413083,3000,1117345,,
gpu,jamica_fullbatch,1024,1,sub-20,50.6314586190274,-0.9844821534592049,3000,916388,,
gpu,jamica_fullbatch,1024,1,sub-21,66.13614160998259,-1.1444219664776256,3000,1128361,,
gpu,jamica_fullbatch,1024,1,sub-22,61.88391513400711,-1.1006429531404203,3000,1108947,,
gpu,jamica_fullbatch,1024,1,sub-23,59.09226578497328,-1.0749491276263836,3000,1053821,,
gpu,jamica_fullbatch,1024,1,sub-24,63.05793587700464,-0.9795782011845952,3000,1146791,,
gpu,jamica_fullbatch,1024,1,sub-25,50.499291399959475,-1.1523305209031505,3000,877574,,
gpu,pamica,1024,1,sub-01,2920.139531085035,-1.157871879554748,3000,785328,,
gpu,pamica,1024,1,sub-02,5077.786755142966,-1.041976492953621,3000,1364633,,
gpu,pamica,1024,1,sub-03,4070.2003019360127,-1.1319769156828652,3000,1099796,,
gpu,pamica,1024,1,sub-04,3904.1448855929775,-1.1712611666511783,3000,1057036,,
gpu,pamica,1024,1,sub-05,3847.9663889859803,-0.942840454322386,3000,1038926,,
gpu,pamica,1024,1,sub-06,3897.2561592010316,-1.168395406518865,3000,1042909,,
gpu,pamica,1024,1,sub-07,4338.653558374033,-1.209855890162566,3000,1174503,,
gpu,pamica,1024,1,sub-08,4317.076597373933,-1.26931079514567,3000,1159910,,
gpu,pamica,1024,1,sub-09,4229.130801118095,-1.0583525856415081,3000,1146679,,
gpu,pamica,1024,1,sub-10,1716.0249211139744,-1.0404044168237376,1226,1139466,,
gpu,pamica,1024,1,sub-11,4086.473828547052,-1.242450711832436,3000,1104857,,
gpu,pamica,1024,1,sub-12,260.225316145923,-1.1203862868319463,187,1111932,,
gpu,pamica,1024,1,sub-13,4133.106621183921,-1.181442294899336,3000,1120666,,
gpu,pamica,1024,1,sub-14,4190.778030782007,-1.2897552135778518,3000,1129764,,
gpu,pamica,1024,1,sub-15,4114.857404752052,-1.104404834195492,3000,1105757,,
gpu,pamica,1024,1,sub-16,4245.436907722964,-1.0319118954020468,3000,1151916,,
gpu,pamica,1024,1,sub-17,4159.16226086102,-1.1059069913092423,3000,1119559,,
gpu,pamica,1024,1,sub-18,4319.077361352043,-1.0391501874357711,3000,1155503,,
gpu,pamica,1024,1,sub-19,4157.554341632989,-1.04347346605429,3000,1117345,,
gpu,pamica,1024,1,sub-20,483.74298262503,-0.9929750184820558,414,916388,,
gpu,pamica,1024,1,sub-21,511.73324300698005,-1.1474005483959417,364,1128361,,
gpu,pamica,1024,1,sub-22,210.02923098905012,-1.1249802080457425,151,1108947,,
gpu,pamica,1024,1,sub-23,3920.3667517249705,-1.07776729332874,3000,1053821,,
gpu,pamica,1024,1,sub-24,4238.001869648928,-0.9866259960377496,3000,1146791,,
gpu,pamica,1024,1,sub-25,3296.073676316999,-1.1550849509587993,3000,877574,,
gpu,pyamica,1024,1,sub-01,1698.9836729200324,-1.1529171714940407,3000,785328,,
gpu,pyamica,1024,1,sub-02,2962.359831379028,-1.0321066813369688,3000,1364633,,
gpu,pyamica,1024,1,sub-03,2422.0064224679954,-1.1286240469267055,3000,1099796,,
gpu,pyamica,1024,1,sub-04,2290.9013079879805,-1.1643339131919235,3000,1057036,,
gpu,pyamica,1024,1,sub-05,2214.4739515630063,-0.9260662761218941,3000,1038926,,
gpu,pyamica,1024,1,sub-06,2272.223909382941,-1.1609470072201842,3000,1042909,,
gpu,pyamica,1024,1,sub-07,2515.5190225250553,-1.203151037893427,3000,1174503,,
gpu,pyamica,1024,1,sub-08,2505.997824715916,-1.2637356055587907,3000,1159910,,
gpu,pyamica,1024,1,sub-09,2461.8626778139733,-1.0510493951460136,3000,1146679,,
gpu,pyamica,1024,1,sub-10,2459.503729191958,-1.0206677802685922,3000,1139466,,
gpu,pyamica,1024,1,sub-11,2407.057087783003,-1.2403343368158821,3000,1104857,,
gpu,pyamica,1024,1,sub-12,2403.3392444810597,-1.0995025275406969,3000,1111932,,
gpu,pyamica,1024,1,sub-13,2415.5454918050673,-1.1788505085443841,3000,1120666,,
gpu,pyamica,1024,1,sub-14,2434.590349456994,-1.289118021552546,3000,1129764,,
gpu,pyamica,1024,1,sub-15,2414.420958069968,-1.083037597294637,3000,1105757,,
gpu,pyamica,1024,1,sub-16,2494.7444263560465,-1.0278904013732595,3000,1151916,,
gpu,pyamica,1024,1,sub-17,2394.9535308131017,-1.1029151371384116,3000,1119559,,
gpu,pyamica,1024,1,sub-18,2458.0463811339578,-1.0254936524450413,3000,1155503,,
gpu,pyamica,1024,1,sub-19,2404.776666498976,-1.040732913485459,3000,1117345,,
gpu,pyamica,1024,1,sub-20,2000.6877520109992,-0.9843308047192754,3000,916388,,
gpu,pyamica,1024,1,sub-21,2421.764458411024,-1.1444279600376972,3000,1128361,,
gpu,pyamica,1024,1,sub-22,2394.570989560918,-1.0995471739987273,3000,1108947,,
gpu,pyamica,1024,1,sub-23,2288.771307318937,-1.0749492843670303,3000,1053821,,
gpu,pyamica,1024,1,sub-24,2438.011359325028,-0.9795536251574227,3000,1146791,,
gpu,pyamica,1024,1,sub-25,1905.0387851330452,-1.1523144819686386,3000,877574,,
gpu,scott,1024,1,sub-01,1737.2062718729721,-1.1530295754799702,1306,785328,,
gpu,scott,1024,1,sub-02,3021.8754498469643,-1.0323827851807714,1313,1364633,,
gpu,scott,1024,1,sub-03,2223.7748794420622,-1.1286956603849794,1199,1099796,,
gpu,scott,1024,1,sub-04,1842.1219593699789,-1.1657854251127822,1013,1057036,,
gpu,scott,1024,1,sub-05,2692.4413436240284,-0.9261730896095804,1506,1038926,,
gpu,scott,1024,1,sub-06,1833.1131708499743,-1.161414682046776,1106,1042909,,
gpu,scott,1024,1,sub-07,2023.8241109789815,-1.2032463707114358,1006,1174503,,
gpu,scott,1024,1,sub-08,2929.9242422370007,-1.26653205829997,1506,1159910,,
gpu,scott,1024,1,sub-09,2081.2728386080125,-1.0511025968423022,1106,1146679,,
gpu,scott,1024,1,sub-10,1871.5493279920192,-1.0214658933165954,1006,1139466,,
gpu,scott,1024,1,sub-11,2940.3009840740124,-1.2403643210582653,1622,1104857,,
gpu,scott,1024,1,sub-12,1919.1449441229925,-1.0996181632304274,1006,1111932,,
gpu,scott,1024,1,sub-13,1500.3676010459894,-1.1790064075023827,784,1120666,,
gpu,scott,1024,1,sub-14,2320.6031344829826,-1.2891575978684098,1198,1129764,,
gpu,scott,1024,1,sub-15,1874.4485242079245,-1.0831123015499016,1013,1105757,,
gpu,scott,1024,1,sub-16,2027.4545865990222,-1.0279549574218856,1106,1151916,,
gpu,scott,1024,1,sub-17,2503.4581869370304,-1.1031673681323677,1406,1119559,,
gpu,scott,1024,1,sub-18,2334.222466291976,-1.0257174640426587,1206,1155503,,
gpu,scott,1024,1,sub-19,1960.5975446699886,-1.0408078181636384,1106,1117345,,
gpu,scott,1024,1,sub-20,1264.7777186909225,-0.9844448335299952,806,916388,,
gpu,scott,1024,1,sub-21,2395.4847300910624,-1.1444773048395966,1240,1128361,,
gpu,scott,1024,1,sub-22,2603.647730477969,-1.1006204097440588,1406,1108947,,
gpu,scott,1024,1,sub-23,1897.8693816919113,-1.0749930417182703,1056,1053821,,
gpu,scott,1024,1,sub-24,1960.477911490947,-0.9802155684093661,1006,1146791,,
gpu,scott,1024,1,sub-25,1786.0683161269408,-1.1523979136201143,1173,877574,,
gpu,jamica,16384,1,sub-01,71.81835956685245,-1.1530348998946143,3000,785328,3.3712158203125,2.2279434204101562
gpu,jamica,16384,1,sub-02,116.07495476910844,-1.03242812029929,3000,1364633,5.3731689453125,3.999492645263672
gpu,jamica,16384,1,sub-03,97.38797312590759,-1.1286275046584424,3000,1099796,5.3731689453125,3.6899795532226562
gpu,jamica,16384,1,sub-04,94.57050527981482,-1.1646021623083171,3000,1057036,5.3731689453125,3.8790283203125
gpu,jamica,16384,1,sub-05,91.60149928904139,-0.9264840485570797,3000,1038926,3.3712158203125,3.25048828125
gpu,jamica,16384,1,sub-06,92.46986626891885,-1.1611728521607811,3000,1042909,3.3712158203125,3.2140350341796875
gpu,jamica,16384,1,sub-07,100.99810136901215,-1.2031515531356236,3000,1174503,5.3731689453125,4.107143402099609
gpu,jamica,16384,1,sub-08,101.20548594603315,-1.2640175264701472,3000,1159910,5.3731689453125,3.54156494140625
gpu,jamica,16384,1,sub-09,99.10964061808772,-1.051527204549297,3000,1146679,5.3731689453125,4.00958251953125
gpu,jamica,16384,1,sub-10,99.2968731779838,-1.0206546886231014,3000,1139466,5.3731689453125,4.027400970458984
gpu,jamica,16384,1,sub-11,118.66099183401093,-1.2405637580939728,3000,1104857,5.3731689453125,3.9764785766601562
gpu,jamica,16384,1,sub-12,97.04340763087384,-1.1001117563369254,3000,1111932,5.3731689453125,3.4948348999023438
gpu,jamica,16384,1,sub-13,97.86761743295938,-1.1788684020346492,3000,1120666,5.3731689453125,4.0038604736328125
gpu,jamica,16384,1,sub-14,103.90015768702142,-1.2891186707139286,3000,1129764,5.3731689453125,4.017063140869141
gpu,jamica,16384,1,sub-15,79.37342454399914,-1.0835996151834464,2444,1105757,5.3731689453125,3.4282455444335938
gpu,jamica,16384,1,sub-16,89.29550384706818,-1.0282724538231338,2664,1151916,5.3731689453125,4.023368835449219
gpu,jamica,16384,1,sub-17,97.12695258110762,-1.102715470988568,3000,1119559,5.3731689453125,3.489421844482422
gpu,jamica,16384,1,sub-18,99.96031828806736,-1.0258371721826816,3000,1155503,5.3731689453125,4.067161560058594
gpu,jamica,16384,1,sub-19,99.52810140303336,-1.041012721341887,3000,1117345,5.3731689453125,3.8933868408203125
gpu,jamica,16384,1,sub-20,80.12400148506276,-0.9844821815672284,3000,916388,3.3712158203125,2.477935791015625
gpu,jamica_fullbatch,16384,1,sub-01,44.25669473793823,-1.1530376422373874,3000,785328,,
gpu,jamica_fullbatch,16384,1,sub-02,81.14096973300911,-1.0324586195297716,3000,1364633,,
gpu,jamica_fullbatch,16384,1,sub-03,59.09333589405287,-1.1286274894044452,3000,1099796,,
gpu,jamica_fullbatch,16384,1,sub-04,56.52826928999275,-1.164587563140818,3000,1057036,,
gpu,jamica_fullbatch,16384,1,sub-05,57.14122107194271,-0.9264839735605298,3000,1038926,,
gpu,jamica_fullbatch,16384,1,sub-06,56.36185683100484,-1.1611738615618745,3000,1042909,,
gpu,jamica_fullbatch,16384,1,sub-07,62.30390047293622,-1.2031512923337047,3000,1174503,,
gpu,jamica_fullbatch,16384,1,sub-08,61.203317428939044,-1.2640187377624543,3000,1159910,,
gpu,jamica_fullbatch,16384,1,sub-09,72.34642047097441,-1.051526415875,3000,1146679,,
gpu,jamica_fullbatch,16384,1,sub-10,58.87493204709608,-1.0206547168092708,3000,1139466,,
gpu,jamica_fullbatch,16384,1,sub-11,89.0964302259963,-1.240563688674778,3000,1104857,,
gpu,jamica_fullbatch,16384,1,sub-12,60.34538100997452,-1.1002105203884152,3000,1111932,,
gpu,jamica_fullbatch,16384,1,sub-13,66.69088191899937,-1.1788692591811865,3000,1120666,,
gpu,jamica_fullbatch,16384,1,sub-14,61.18933128204662,-1.289118726129344,3000,1129764,,
gpu,jamica_fullbatch,16384,1,sub-15,59.17525163595565,-1.083552682348973,2567,1105757,,
gpu,jamica_fullbatch,16384,1,sub-16,54.578659285907634,-1.0282724181422143,2697,1151916,,
gpu,jamica_fullbatch,16384,1,sub-17,68.72239614406135,-1.1027168896339412,3000,1119559,,
gpu,jamica_fullbatch,16384,1,sub-18,73.14443657593802,-1.0258367850899335,3000,1155503,,
gpu,jamica_fullbatch,16384,1,sub-19,66.37512565497309,-1.0410128258413083,3000,1117345,,
gpu,jamica_fullbatch,16384,1,sub-20,50.45801703701727,-0.9844821534592049,3000,916388,,
gpu,jamica_fullbatch,16384,1,sub-21,65.27608736802358,-1.1444219664776256,3000,1128361,,
gpu,jamica_fullbatch,16384,1,sub-22,61.4480511409929,-1.1006429531404203,3000,1108947,,
gpu,jamica_fullbatch,16384,1,sub-23,59.180952169932425,-1.0749491276263836,3000,1053821,,
gpu,jamica_fullbatch,16384,1,sub-24,62.866120029008016,-0.9795782011845952,3000,1146791,,
gpu,jamica_fullbatch,16384,1,sub-25,50.03215626603924,-1.1523305209031505,3000,877574,,
gpu,pamica,16384,1,sub-01,274.13302497495897,-1.1578633893403802,3000,785328,,
gpu,pamica,16384,1,sub-02,473.7633142740233,-1.042231750512786,3000,1364633,,
gpu,pamica,16384,1,sub-03,385.61868102196604,-1.1319780548953229,3000,1099796,,
gpu,pamica,16384,1,sub-04,370.831090025953,-1.1712776312841642,3000,1057036,,
gpu,pamica,16384,1,sub-05,364.1545679580886,-0.9428927978193306,3000,1038926,,
gpu,pamica,16384,1,sub-06,359.76226046902593,-1.1688654683694342,3000,1042909,,
gpu,pamica,16384,1,sub-07,427.6708765020594,-1.2098932063955272,3000,1174503,,
gpu,pamica,16384,1,sub-08,96.64025550999213,-1.2740668624833382,693,1159910,,
gpu,pamica,16384,1,sub-09,398.0325501819607,-1.0583013812007902,3000,1146679,,
gpu,pamica,16384,1,sub-10,164.63842523400672,-1.040383965104697,1233,1139466,,
gpu,pamica,16384,1,sub-11,380.13770150300115,-1.2424444670882901,3000,1104857,,
gpu,pamica,16384,1,sub-12,401.13566574896686,-1.1106627473062178,3000,1111932,,
gpu,pamica,16384,1,sub-13,387.91868862800766,-1.1814448857799738,3000,1120666,,
gpu,pamica,16384,1,sub-14,390.39956477691885,-1.2897618977647076,3000,1129764,,
gpu,pamica,16384,1,sub-15,405.50544799899217,-1.1043966425222729,3000,1105757,,
gpu,pamica,16384,1,sub-16,398.10318566008937,-1.0319086627001903,3000,1151916,,
gpu,pamica,16384,1,sub-17,60.276309552951716,-1.1091441681333827,447,1119559,,
gpu,pamica,16384,1,sub-18,404.47628012497444,-1.03925635121802,3000,1155503,,
gpu,pamica,16384,1,sub-19,390.86936733010225,-1.0434053116406787,3000,1117345,,
gpu,pamica,16384,1,sub-20,45.19339371006936,-0.9929519267068059,416,916388,,
gpu,pamica,16384,1,sub-21,75.44522609491833,-1.1472662186882223,571,1128361,,
gpu,pamica,16384,1,sub-22,21.009258704958484,-1.1249908581176447,151,1108947,,
gpu,pamica,16384,1,sub-23,365.3136053249473,-1.077763255232099,3000,1053821,,
gpu,pamica,16384,1,sub-24,287.9276910930639,-0.9867388530182178,2169,1146791,,
gpu,pamica,16384,1,sub-25,303.68559685593937,-1.1550736987944255,3000,877574,,
gpu,pyamica,16384,1,sub-01,258.3642488711048,-1.1529169511651558,3000,785328,,
gpu,pyamica,16384,1,sub-02,444.9155567010166,-1.0321084995113043,3000,1364633,,
gpu,pyamica,16384,1,sub-03,359.8396828529658,-1.1286321892864841,3000,1099796,,
gpu,pyamica,16384,1,sub-04,349.8044883250259,-1.1643340542078764,3000,1057036,,
gpu,pyamica,16384,1,sub-05,343.0663364130305,-0.9260662549287431,3000,1038926,,
gpu,pyamica,16384,1,sub-06,344.2156146810157,-1.1609472345544933,3000,1042909,,
gpu,pyamica,16384,1,sub-07,382.34311241004616,-1.2031511011167915,3000,1174503,,
gpu,pyamica,16384,1,sub-08,379.2314994399203,-1.2637368997442515,3000,1159910,,
gpu,pyamica,16384,1,sub-09,377.5672271279618,-1.0510495111254257,3000,1146679,,
gpu,pyamica,16384,1,sub-10,375.89256268693134,-1.0206687112104673,3000,1139466,,
gpu,pyamica,16384,1,sub-11,360.4466421419056,-1.2403347144751578,3000,1104857,,
gpu,pyamica,16384,1,sub-12,361.9075746029848,-1.0995049197126399,3000,1111932,,
gpu,pyamica,16384,1,sub-13,365.93021650100127,-1.1788505506854232,3000,1120666,,
gpu,pyamica,16384,1,sub-14,371.4155474640429,-1.2891180069007844,3000,1129764,,
gpu,pyamica,16384,1,sub-15,364.71224936295766,-1.0830376031344502,3000,1105757,,
gpu,pyamica,16384,1,sub-16,379.2354159790557,-1.027890151548695,3000,1151916,,
gpu,pyamica,16384,1,sub-17,368.72575286391657,-1.1029135895153532,3000,1119559,,
gpu,pyamica,16384,1,sub-18,376.4244754340034,-1.025494003193462,3000,1155503,,
gpu,pyamica,16384,1,sub-19,371.05337491905084,-1.040732619477155,3000,1117345,,
gpu,pyamica,16384,1,sub-20,303.26473110500956,-0.9843307517441037,3000,916388,,
gpu,pyamica,16384,1,sub-21,369.89527546497993,-1.1444278445674019,3000,1128361,,
gpu,pyamica,16384,1,sub-22,361.9899479870219,-1.0995495567793545,3000,1108947,,
gpu,pyamica,16384,1,sub-23,348.66838632093277,-1.0749491618796112,3000,1053821,,
gpu,pyamica,16384,1,sub-24,373.27142113202717,-0.9795531599683281,3000,1146791,,
gpu,pyamica,16384,1,sub-25,291.9739862019196,-1.1523145505938872,3000,877574,,
gpu,scott,16384,1,sub-01,142.55834215995856,-1.1530296167024687,1306,785328,,
gpu,scott,16384,1,sub-02,246.00184359704144,-1.0323822503746924,1313,1364633,,
gpu,scott,16384,1,sub-03,181.4076474729227,-1.128696595244806,1186,1099796,,
gpu,scott,16384,1,sub-04,165.08093805704266,-1.1657853540286789,1013,1057036,,
gpu,scott,16384,1,sub-05,160.2100210619392,-0.9262872312839548,1106,1038926,,
gpu,scott,16384,1,sub-06,150.651189606986,-1.1614154568991488,1106,1042909,,
gpu,scott,16384,1,sub-07,163.22555361199193,-1.2032462644058992,1006,1174503,,
gpu,scott,16384,1,sub-08,237.91327377094422,-1.266514972245167,1506,1159910,,
gpu,scott,16384,1,sub-09,169.8737707620021,-1.0511026794575014,1105,1146679,,
gpu,scott,16384,1,sub-10,160.45852067996748,-1.021465691253594,1006,1139466,,
gpu,scott,16384,1,sub-11,238.74924470402766,-1.2403642912326711,1604,1104857,,
gpu,scott,16384,1,sub-12,160.3901593099581,-1.0996130070381507,1006,1111932,,
gpu,scott,16384,1,sub-13,122.11466049903538,-1.1790062748205032,784,1120666,,
gpu,scott,16384,1,sub-14,187.6952861220343,-1.2891575084644689,1199,1129764,,
gpu,scott,16384,1,sub-15,155.17911023902707,-1.0831126465829757,1013,1105757,,
gpu,scott,16384,1,sub-16,169.68807108409237,-1.0279551807407012,1106,1151916,,
gpu,scott,16384,1,sub-17,208.25536982598715,-1.1031669923650707,1406,1119559,,
gpu,scott,16384,1,sub-18,194.8039730010787,-1.025720223367241,1206,1155503,,
gpu,scott,16384,1,sub-19,162.9041837049881,-1.040807851879154,1106,1117345,,
gpu,scott,16384,1,sub-20,104.32693764404394,-0.9844449660190501,806,916388,,
gpu,scott,16384,1,sub-21,195.22915754199494,-1.1444772942164685,1245,1128361,,
gpu,scott,16384,1,sub-22,190.4754020679975,-1.1008458959054226,1306,1108947,,
gpu,scott,16384,1,sub-23,151.18383474298753,-1.0749955377810123,1027,1053821,,
gpu,scott,16384,1,sub-24,158.84171304898337,-0.9802161730421064,1006,1146791,,
gpu,scott,16384,1,sub-25,145.12912935600616,-1.1523984036550987,1165,877574,,
gpu,jamica,262144,1,sub-01,45.673837166978046,-1.1530347294728625,3000,785328,7.3712158203125,3.0709609985351562
gpu,jamica,262144,1,sub-02,88.508439890109,-1.0324453029581402,3000,1364633,5.3731689453125,4.53863525390625
gpu,jamica,262144,1,sub-03,60.99310664506629,-1.1286275056386583,3000,1099796,5.3731689453125,3.9559974670410156
gpu,jamica,262144,1,sub-04,57.820376916904934,-1.1645866201310389,3000,1057036,5.3731689453125,3.7682952880859375
gpu,jamica,262144,1,sub-05,56.8760977529455,-0.9264838201930273,3000,1038926,5.3712158203125,3.260753631591797
gpu,jamica,262144,1,sub-06,59.12127574183978,-1.1611731711787614,3000,1042909,5.3712158203125,2.7754592895507812
gpu,jamica,262144,1,sub-07,64.54455004795454,-1.2031514811924382,3000,1174503,5.3731689453125,3.5074920654296875
gpu,jamica,262144,1,sub-08,63.79815488692839,-1.2640180900198754,3000,1159910,5.3731689453125,4.048717498779297
gpu,jamica,262144,1,sub-09,62.42649061197881,-1.0515267889014641,3000,1146679,5.3731689453125,4.023811340332031
gpu,jamica,262144,1,sub-10,61.902504102909006,-1.0206546732828692,3000,1139466,5.3731689453125,3.471893310546875
gpu,jamica,262144,1,sub-11,61.38156782789156,-1.2405637852477005,3000,1104857,5.3731689453125,3.8080062866210938
gpu,jamica,262144,1,sub-12,61.60578703903593,-1.100476466573867,3000,1111932,5.3731689453125,3.8837661743164062
gpu,jamica,262144,1,sub-13,63.63536800420843,-1.1788686307533434,3000,1120666,5.3731689453125,3.982257843017578
gpu,jamica,262144,1,sub-14,61.55317611293867,-1.2891186575454203,3000,1129764,5.3731689453125,3.4541778564453125
gpu,jamica,262144,1,sub-15,53.086661086883396,-1.0835519769084765,2572,1105757,5.3731689453125,3.9226646423339844
gpu,jamica,262144,1,sub-16,56.553031225921586,-1.0282724274222583,2662,1151916,5.3731689453125,4.025394439697266
gpu,jamica,262144,1,sub-17,61.600044497987255,-1.1027200966453299,3000,1119559,5.3731689453125,3.989124298095703
gpu,jamica,262144,1,sub-18,63.61982320086099,-1.0258367299096731,3000,1155503,5.3731689453125,3.5508193969726562
gpu,jamica,262144,1,sub-19,61.72373814601451,-1.0410135510479746,3000,1117345,5.3731689453125,3.982025146484375
gpu,jamica,262144,1,sub-20,51.81770555302501,-0.9844820844378656,3000,916388,5.3712158203125,2.5760498046875
gpu,jamica_fullbatch,262144,1,sub-01,42.92054550908506,-1.1530376422373874,3000,785328,,
gpu,jamica_fullbatch,262144,1,sub-02,82.02656193298753,-1.0324586195297716,3000,1364633,,
gpu,jamica_fullbatch,262144,1,sub-03,59.0875323159853,-1.1286274894044452,3000,1099796,,
gpu,jamica_fullbatch,262144,1,sub-04,57.39087202202063,-1.164587563140818,3000,1057036,,
gpu,jamica_fullbatch,262144,1,sub-05,56.436049656011164,-0.9264839735605298,3000,1038926,,
gpu,jamica_fullbatch,262144,1,sub-06,55.82144678803161,-1.1611738615618745,3000,1042909,,
gpu,jamica_fullbatch,262144,1,sub-07,64.22590156900696,-1.2031512923337047,3000,1174503,,
gpu,jamica_fullbatch,262144,1,sub-08,61.557160187046975,-1.2640187377624543,3000,1159910,,
gpu,jamica_fullbatch,262144,1,sub-09,72.04913603409659,-1.051526415875,3000,1146679,,
gpu,jamica_fullbatch,262144,1,sub-10,58.88555508595891,-1.0206547168092708,3000,1139466,,
gpu,jamica_fullbatch,262144,1,sub-11,64.81651309307199,-1.240563688674778,3000,1104857,,
gpu,jamica_fullbatch,262144,1,sub-12,61.31639502302278,-1.1002105203884152,3000,1111932,,
gpu,jamica_fullbatch,262144,1,sub-13,59.7518808679888,-1.1788692591811865,3000,1120666,,
gpu,jamica_fullbatch,262144,1,sub-14,60.879335167002864,-1.289118726129344,3000,1129764,,
gpu,jamica_fullbatch,262144,1,sub-15,50.91970518103335,-1.083552682348973,2567,1105757,,
gpu,jamica_fullbatch,262144,1,sub-16,56.355109328986146,-1.0282724181422143,2697,1151916,,
gpu,jamica_fullbatch,262144,1,sub-17,68.50971745990682,-1.1027168896339412,3000,1119559,,
gpu,jamica_fullbatch,262144,1,sub-18,72.62088843504898,-1.0258367850899335,3000,1155503,,
gpu,jamica_fullbatch,262144,1,sub-19,67.03751794598065,-1.0410128258413083,3000,1117345,,
gpu,jamica_fullbatch,262144,1,sub-20,50.525263060000725,-0.9844821534592049,3000,916388,,
gpu,jamica_fullbatch,262144,1,sub-21,64.4979948590044,-1.1444219664776256,3000,1128361,,
gpu,jamica_fullbatch,262144,1,sub-22,62.11891222000122,-1.1006429531404203,3000,1108947,,
gpu,jamica_fullbatch,262144,1,sub-23,58.781248730025254,-1.0749491276263836,3000,1053821,,
gpu,jamica_fullbatch,262144,1,sub-24,62.99811808101367,-0.9795782011845952,3000,1146791,,
gpu,jamica_fullbatch,262144,1,sub-25,51.08834791800473,-1.1523305209031505,3000,877574,,
gpu,pamica,262144,1,sub-01,31.287745129084215,-1.1595315698421362,496,785328,,
gpu,pamica,262144,1,sub-02,316.37417174398433,-1.042235726579689,3000,1364633,,
gpu,pamica,262144,1,sub-03,259.4407555250218,-1.1320063546768009,3000,1099796,,
gpu,pamica,262144,1,sub-04,244.6715276578907,-1.1712514803454992,3000,1057036,,
gpu,pamica,262144,1,sub-05,240.08350455400068,-0.9429253788891235,3000,1038926,,
gpu,pamica,262144,1,sub-06,47.71490947797429,-1.1701275754548455,579,1042909,,
gpu,pamica,262144,1,sub-07,273.0548853329383,-1.2099462376032575,3000,1174503,,
gpu,pamica,262144,1,sub-08,63.65177339699585,-1.2740929265974457,693,1159910,,
gpu,pamica,262144,1,sub-09,266.87757840100676,-1.0583313043591271,3000,1146679,,
gpu,pamica,262144,1,sub-10,129.7046292569721,-1.040366000072668,1236,1139466,,
gpu,pamica,262144,1,sub-11,257.7329025489744,-1.2424462805506533,3000,1104857,,
gpu,pamica,262144,1,sub-12,17.70826171594672,-1.1203718313009934,187,1111932,,
gpu,pamica,262144,1,sub-13,266.57561769802123,-1.1814818056224659,3000,1120666,,
gpu,pamica,262144,1,sub-14,263.5858529569814,-1.289770260997306,3000,1129764,,
gpu,pamica,262144,1,sub-15,258.0804941690294,-1.1043987827233164,3000,1105757,,
gpu,pamica,262144,1,sub-16,268.31207920296583,-1.0319106317331639,3000,1151916,,
gpu,pamica,262144,1,sub-17,40.01507612597197,-1.1092180580678273,438,1119559,,
gpu,pamica,262144,1,sub-18,268.9118134949822,-1.0391683191822851,3000,1155503,,
gpu,pamica,262144,1,sub-19,271.93052612803876,-1.0433923342618032,3000,1117345,,
gpu,pamica,262144,1,sub-20,30.48561391804833,-0.9929640941891468,415,916388,,
gpu,pamica,262144,1,sub-21,90.06427786906715,-1.1472267814764041,1014,1128361,,
gpu,pamica,262144,1,sub-22,14.307209599995986,-1.1250002191915607,151,1108947,,
gpu,pamica,262144,1,sub-23,246.53844081098214,-1.0777636053141548,3000,1053821,,
gpu,pamica,262144,1,sub-24,206.20047918602359,-0.9867405325620624,2165,1146791,,
gpu,pamica,262144,1,sub-25,207.89238137891516,-1.1550807196806125,3000,877574,,
gpu,pyamica,262144,1,sub-01,207.20631872792728,-1.1529170905547481,3000,785328,,
gpu,pyamica,262144,1,sub-02,359.49785445595626,-1.0320903529626668,3000,1364633,,
gpu,pyamica,262144,1,sub-03,289.4543718690984,-1.1286237946491964,3000,1099796,,
gpu,pyamica,262144,1,sub-04,276.3726234920323,-1.164334015812327,3000,1057036,,
gpu,pyamica,262144,1,sub-05,271.2247028220445,-0.9260662918735344,3000,1038926,,
gpu,pyamica,262144,1,sub-06,272.3757200080436,-1.1609474341988313,3000,1042909,,
gpu,pyamica,262144,1,sub-07,308.28707778197713,-1.2031509314906712,3000,1174503,,
gpu,pyamica,262144,1,sub-08,304.85986115504056,-1.2637363908653194,3000,1159910,,
gpu,pyamica,262144,1,sub-09,301.2595685690176,-1.0510493276126294,3000,1146679,,
gpu,pyamica,262144,1,sub-10,299.6014674269827,-1.0206677066801748,3000,1139466,,
gpu,pyamica,262144,1,sub-11,290.39991942606866,-1.2403343589309777,3000,1104857,,
gpu,pyamica,262144,1,sub-12,292.66239990806207,-1.0995084369586463,3000,1111932,,
gpu,pyamica,262144,1,sub-13,295.25372465502005,-1.1788502835299286,3000,1120666,,
gpu,pyamica,262144,1,sub-14,298.79837110301014,-1.2891179904265326,3000,1129764,,
gpu,pyamica,262144,1,sub-15,290.87110997899435,-1.0830376368616363,3000,1105757,,
gpu,pyamica,262144,1,sub-16,302.52364176895935,-1.0278931309446122,3000,1151916,,
gpu,pyamica,262144,1,sub-17,295.008048905991,-1.1029179417371349,3000,1119559,,
gpu,pyamica,262144,1,sub-18,305.4857797770528,-1.0254931575689572,3000,1155503,,
gpu,pyamica,262144,1,sub-19,294.028547154041,-1.040732865424343,3000,1117345,,
gpu,pyamica,262144,1,sub-20,242.0744975360576,-0.9843307655939284,3000,916388,,
gpu,pyamica,262144,1,sub-21,296.85281546297483,-1.1444277236891336,3000,1128361,,
gpu,pyamica,262144,1,sub-22,292.11996871302836,-1.0995491961803496,3000,1108947,,
gpu,pyamica,262144,1,sub-23,275.77708434395026,-1.0749492698054421,3000,1053821,,
gpu,pyamica,262144,1,sub-24,301.74230874690693,-0.9795536273542359,3000,1146791,,
gpu,pyamica,262144,1,sub-25,232.2822816669941,-1.152314560568242,3000,877574,,
gpu,scott,262144,1,sub-01,70.50754840404261,-1.1530297971369357,1306,785328,,
gpu,scott,262144,1,sub-02,119.86573759198654,-1.0323827849875555,1313,1364633,,
gpu,scott,262144,1,sub-03,100.31759334902745,-1.1286964486478932,1177,1099796,,
gpu,scott,262144,1,sub-04,72.81337257497944,-1.1657851252419265,1018,1057036,,
gpu,scott,262144,1,sub-05,77.61233486700803,-0.9262875658409215,1106,1038926,,
gpu,scott,262144,1,sub-06,75.71438807493541,-1.1614152976315013,1106,1042909,,
gpu,scott,262144,1,sub-07,79.27754768403247,-1.203246477179075,1006,1174503,,
gpu,scott,262144,1,sub-08,114.6274172019912,-1.266533981505146,1506,1159910,,
gpu,scott,262144,1,sub-09,85.50673198793083,-1.0511026708847961,1106,1146679,,
gpu,scott,262144,1,sub-10,77.30935908900574,-1.0214663662473462,1006,1139466,,
gpu,scott,262144,1,sub-11,133.53762807697058,-1.240365311610994,1654,1104857,,
gpu,scott,262144,1,sub-12,75.33871267305221,-1.099618451263165,1006,1111932,,
gpu,scott,262144,1,sub-13,59.533900705049746,-1.1790060447786819,786,1120666,,
gpu,scott,262144,1,sub-14,90.58041196898557,-1.2891578344157624,1196,1129764,,
gpu,scott,262144,1,sub-15,75.53594043501653,-1.0831121863699245,1013,1105757,,
gpu,scott,262144,1,sub-16,85.61429200496059,-1.0279546963057922,1106,1151916,,
gpu,scott,262144,1,sub-17,106.34311307501048,-1.1031670603441024,1406,1119559,,
gpu,scott,262144,1,sub-18,106.37549477093853,-1.0257167480722165,1206,1155503,,
gpu,scott,262144,1,sub-19,83.54658313794062,-1.0408075892986497,1106,1117345,,
gpu,scott,262144,1,sub-20,51.86868151696399,-0.9844447620301047,806,916388,,
gpu,scott,262144,1,sub-21,94.18600492598489,-1.1444774274224132,1237,1128361,,
gpu,scott,262144,1,sub-22,103.75087020802312,-1.1004236741920925,1406,1108947,,
gpu,scott,262144,1,sub-23,77.06924899097066,-1.0749927294768404,1057,1053821,,
gpu,scott,262144,1,sub-24,77.86375458189286,-0.98021531488558,1006,1146791,,
gpu,scott,262144,1,sub-25,71.12705279595684,-1.152398402586601,1169,877574,,
gpu,jamica,4096,1,sub-01,164.98976025707088,-1.153034810362272,3000,785328,3.3712158203125,2.7979393005371094
gpu,jamica,4096,1,sub-02,276.6931682070717,-1.0324586715692858,3000,1364633,5.3731689453125,4.610466003417969
gpu,jamica,4096,1,sub-03,224.32425328809768,-1.1286275403778063,3000,1099796,5.3731689453125,3.9974517822265625
gpu,jamica,4096,1,sub-04,212.3714843960479,-1.1646017372353066,3000,1057036,5.3731689453125,3.381969451904297
gpu,jamica,4096,1,sub-05,213.04678527102806,-0.9264840166563864,3000,1038926,3.3712158203125,3.2463035583496094
gpu,jamica,4096,1,sub-06,222.2446031118743,-1.1611735340577052,3000,1042909,3.3712158203125,3.2895469665527344
gpu,jamica,4096,1,sub-07,260.47440359694883,-1.2031512984156576,3000,1174503,5.3731689453125,4.070655822753906
gpu,jamica,4096,1,sub-08,234.98734469292685,-1.2640185566799715,3000,1159910,5.3731689453125,3.9685287475585938
gpu,jamica,4096,1,sub-09,232.32131045102142,-1.0515271465221503,3000,1146679,5.3731689453125,4.017047882080078
gpu,jamica,4096,1,sub-10,232.10340693499893,-1.020654652320033,3000,1139466,5.3731689453125,3.9904518127441406
gpu,jamica,4096,1,sub-11,224.86776363989338,-1.2405637622788492,3000,1104857,5.3731689453125,3.944049835205078
gpu,jamica,4096,1,sub-12,247.60011610900983,-1.1001194099402574,3000,1111932,5.3731689453125,3.9298362731933594
gpu,jamica,4096,1,sub-13,229.37457245704718,-1.178869277096361,3000,1120666,5.3731689453125,4.149375915527344
gpu,jamica,4096,1,sub-14,232.03138000098988,-1.2891187528528223,3000,1129764,5.3731689453125,3.5375938415527344
gpu,jamica,4096,1,sub-15,194.26883310591802,-1.0835521433411017,2571,1105757,5.3731689453125,3.4431991577148438
gpu,jamica,4096,1,sub-16,215.6177164199762,-1.028272246025776,2763,1151916,5.3731689453125,3.402313232421875
gpu,jamica,4096,1,sub-17,226.39193387608975,-1.1027151604223275,3000,1119559,5.3731689453125,3.64862060546875
gpu,jamica,4096,1,sub-18,274.6610850158613,-1.025836584099349,3000,1155503,5.3731689453125,3.9696426391601562
gpu,jamica,4096,1,sub-19,233.3968456420116,-1.0410107897409593,3000,1117345,5.3731689453125,3.963348388671875
gpu,jamica,4096,1,sub-20,188.67355559393764,-0.9844821385800384,3000,916388,3.3712158203125,2.9396438598632812
gpu,jamica_fullbatch,4096,1,sub-01,43.32551571307704,-1.1530376422373874,3000,785328,,
gpu,jamica_fullbatch,4096,1,sub-02,78.72934463899583,-1.0324586195297716,3000,1364633,,
gpu,jamica_fullbatch,4096,1,sub-03,71.93974786100443,-1.1286274894044452,3000,1099796,,
gpu,jamica_fullbatch,4096,1,sub-04,65.36476054007653,-1.164587563140818,3000,1057036,,
gpu,jamica_fullbatch,4096,1,sub-05,56.45132149697747,-0.9264839735605298,3000,1038926,,
gpu,jamica_fullbatch,4096,1,sub-06,55.851341846981086,-1.1611738615618745,3000,1042909,,
gpu,jamica_fullbatch,4096,1,sub-07,62.14197647396941,-1.2031512923337047,3000,1174503,,
gpu,jamica_fullbatch,4096,1,sub-08,62.89182425499894,-1.2640187377624543,3000,1159910,,
gpu,jamica_fullbatch,4096,1,sub-09,75.96613111405168,-1.051526415875,3000,1146679,,
gpu,jamica_fullbatch,4096,1,sub-10,79.14303508400917,-1.0206547168092708,3000,1139466,,
gpu,jamica_fullbatch,4096,1,sub-11,64.93054406903684,-1.240563688674778,3000,1104857,,
gpu,jamica_fullbatch,4096,1,sub-12,60.198067273013294,-1.1002105203884152,3000,1111932,,
gpu,jamica_fullbatch,4096,1,sub-13,59.199578339001164,-1.1788692591811865,3000,1120666,,
gpu,jamica_fullbatch,4096,1,sub-14,67.11067915591411,-1.289118726129344,3000,1129764,,
gpu,jamica_fullbatch,4096,1,sub-15,51.38133493193891,-1.083552682348973,2567,1105757,,
gpu,jamica_fullbatch,4096,1,sub-16,54.87615930393804,-1.0282724181422143,2697,1151916,,
gpu,jamica_fullbatch,4096,1,sub-17,68.42857676302083,-1.1027168896339412,3000,1119559,,
gpu,jamica_fullbatch,4096,1,sub-18,72.90236521698534,-1.0258367850899335,3000,1155503,,
gpu,jamica_fullbatch,4096,1,sub-19,67.06914541206788,-1.0410128258413083,3000,1117345,,
gpu,jamica_fullbatch,4096,1,sub-20,50.668049421045,-0.9844821534592049,3000,916388,,
gpu,jamica_fullbatch,4096,1,sub-21,64.65820890595205,-1.1444219664776256,3000,1128361,,
gpu,jamica_fullbatch,4096,1,sub-22,61.049195811967365,-1.1006429531404203,3000,1108947,,
gpu,jamica_fullbatch,4096,1,sub-23,59.050675116013736,-1.0749491276263836,3000,1053821,,
gpu,jamica_fullbatch,4096,1,sub-24,62.95562035695184,-0.9795782011845952,3000,1146791,,
gpu,jamica_fullbatch,4096,1,sub-25,50.35694909107406,-1.1523305209031505,3000,877574,,
gpu,pamica,4096,1,sub-01,123.43398662598338,-1.1595227012184088,494,785328,,
gpu,pamica,4096,1,sub-02,1300.0360251449747,-1.0422249529209866,3000,1364633,,
gpu,pamica,4096,1,sub-03,1043.6594103639945,-1.1319866693712959,3000,1099796,,
gpu,pamica,4096,1,sub-04,1007.8461689359974,-1.1712503999362354,3000,1057036,,
gpu,pamica,4096,1,sub-05,982.0516229770146,-0.942883406908752,3000,1038926,,
gpu,pamica,4096,1,sub-06,999.5109466359718,-1.1687070631319227,3000,1042909,,
gpu,pamica,4096,1,sub-07,1099.62897506007,-1.2095954048148578,3000,1174503,,
gpu,pamica,4096,1,sub-08,1098.2350677329814,-1.2693177354491787,3000,1159910,,
gpu,pamica,4096,1,sub-09,1102.3675299810711,-1.0583960565035226,3000,1146679,,
gpu,pamica,4096,1,sub-10,436.3210380789824,-1.0405024621923522,1205,1139466,,
gpu,pamica,4096,1,sub-11,1059.6953615839593,-1.2425820971091521,3000,1104857,,
gpu,pamica,4096,1,sub-12,67.8263184200041,-1.1203622844204804,187,1111932,,
gpu,pamica,4096,1,sub-13,1060.4820091390284,-1.1814588520406029,3000,1120666,,
gpu,pamica,4096,1,sub-14,1065.276528573013,-1.2897701088396567,3000,1129764,,
gpu,pamica,4096,1,sub-15,1037.8350874079624,-1.1044105360571645,3000,1105757,,
gpu,pamica,4096,1,sub-16,1089.589741857024,-1.0319174874287216,3000,1151916,,
gpu,pamica,4096,1,sub-17,1063.6900060209446,-1.1059380829147993,3000,1119559,,
gpu,pamica,4096,1,sub-18,1114.6000106210122,-1.0392579372509152,3000,1155503,,
gpu,pamica,4096,1,sub-19,1064.6541489320807,-1.0433911283883741,3000,1117345,,
gpu,pamica,4096,1,sub-20,137.84877149097156,-0.9929408948318594,416,916388,,
gpu,pamica,4096,1,sub-21,668.916204806068,-1.1472346073088906,1874,1128361,,
gpu,pamica,4096,1,sub-22,54.412417182000354,-1.1249860593007195,151,1108947,,
gpu,pamica,4096,1,sub-23,995.4891623699805,-1.077698505941082,3000,1053821,,
gpu,pamica,4096,1,sub-24,1087.8335213359678,-0.986631874811629,3000,1146791,,
gpu,pamica,4096,1,sub-25,835.5908777030418,-1.1550696940495788,3000,877574,,
gpu,pyamica,4096,1,sub-01,429.3889310640516,-1.1529170635161896,3000,785328,,
gpu,pyamica,4096,1,sub-02,753.2542938509723,-1.0321043769213398,3000,1364633,,
gpu,pyamica,4096,1,sub-03,599.2073610830121,-1.128623808891693,3000,1099796,,
gpu,pyamica,4096,1,sub-04,580.4285880129319,-1.1643339795789203,3000,1057036,,
gpu,pyamica,4096,1,sub-05,567.4588126910385,-0.9260663176762579,3000,1038926,,
gpu,pyamica,4096,1,sub-06,574.1143800920108,-1.1609472352460914,3000,1042909,,
gpu,pyamica,4096,1,sub-07,647.7774234300014,-1.203151010295583,3000,1174503,,
gpu,pyamica,4096,1,sub-08,631.9522580300691,-1.2637309705634725,3000,1159910,,
gpu,pyamica,4096,1,sub-09,625.2355308959959,-1.051049395676715,3000,1146679,,
gpu,pyamica,4096,1,sub-10,619.7391947109718,-1.0206681359687642,3000,1139466,,
gpu,pyamica,4096,1,sub-11,601.9441917189397,-1.2403348448117708,3000,1104857,,
gpu,pyamica,4096,1,sub-12,607.9564315340249,-1.099500654440539,3000,1111932,,
gpu,pyamica,4096,1,sub-13,619.1139440810075,-1.178850461984844,3000,1120666,,
gpu,pyamica,4096,1,sub-14,609.7861229920527,-1.2891179761984821,3000,1129764,,
gpu,pyamica,4096,1,sub-15,602.4620807849569,-1.0830376171417433,3000,1105757,,
gpu,pyamica,4096,1,sub-16,621.6078565799398,-1.0278892711738488,3000,1151916,,
gpu,pyamica,4096,1,sub-17,608.8286128230393,-1.1029174311594694,3000,1119559,,
gpu,pyamica,4096,1,sub-18,638.3872162580956,-1.0254949503907211,3000,1155503,,
gpu,pyamica,4096,1,sub-19,610.3858945759712,-1.04073343685839,3000,1117345,,
gpu,pyamica,4096,1,sub-20,494.4202813699376,-0.9843307048852412,3000,916388,,
gpu,pyamica,4096,1,sub-21,617.034752500942,-1.144427819143899,3000,1128361,,
gpu,pyamica,4096,1,sub-22,608.1064833740238,-1.0995459899402182,3000,1108947,,
gpu,pyamica,4096,1,sub-23,580.1218763869256,-1.074949316584734,3000,1053821,,
gpu,pyamica,4096,1,sub-24,617.7439951010747,-0.9795536260834528,3000,1146791,,
gpu,pyamica,4096,1,sub-25,475.7644030560041,-1.1523147138350567,3000,877574,,
gpu,scott,4096,1,sub-01,444.6490975129418,-1.1530296770171424,1306,785328,,
gpu,scott,4096,1,sub-02,770.0038470190484,-1.0323828135618751,1313,1364633,,
gpu,scott,4096,1,sub-03,552.0005477599334,-1.128695920862181,1179,1099796,,
gpu,scott,4096,1,sub-04,463.0902852700092,-1.1657848549253715,1013,1057036,,
gpu,scott,4096,1,sub-05,495.95184983406216,-0.9262874712086347,1106,1038926,,
gpu,scott,4096,1,sub-06,462.01711541903205,-1.1614143538209987,1106,1042909,,
gpu,scott,4096,1,sub-07,511.1890143479686,-1.203246118970971,1006,1174503,,
gpu,scott,4096,1,sub-08,744.1198866679333,-1.2665321734673358,1506,1159910,,
gpu,scott,4096,1,sub-09,508.7958073610207,-1.051102610392233,1105,1146679,,
gpu,scott,4096,1,sub-10,495.2875765839126,-1.0214660568035248,1006,1139466,,
gpu,scott,4096,1,sub-11,743.0299784480594,-1.2403647980667767,1605,1104857,,
gpu,scott,4096,1,sub-12,485.44720380497165,-1.0996386490806043,1006,1111932,,
gpu,scott,4096,1,sub-13,381.44678012107033,-1.1790057534006306,786,1120666,,
gpu,scott,4096,1,sub-14,580.5116698610364,-1.2891577889529884,1196,1129764,,
gpu,scott,4096,1,sub-15,486.1448182720924,-1.0831125024138086,1013,1105757,,
gpu,scott,4096,1,sub-16,515.8536170349689,-1.0279552154001452,1106,1151916,,
gpu,scott,4096,1,sub-17,639.1685203210218,-1.103167100139018,1406,1119559,,
gpu,scott,4096,1,sub-18,595.672981185955,-1.025716823293934,1206,1155503,,
gpu,scott,4096,1,sub-19,495.620211180998,-1.0408079555108862,1106,1117345,,
gpu,scott,4096,1,sub-20,328.59714473504573,-0.9844448935554536,806,916388,,
gpu,scott,4096,1,sub-21,600.0354765249649,-1.144478856268749,1235,1128361,,
gpu,scott,4096,1,sub-22,586.1167307180585,-1.1008463915796696,1306,1108947,,
gpu,scott,4096,1,sub-23,502.00881497294176,-1.074991003769604,1087,1053821,,
gpu,scott,4096,1,sub-24,495.76919879904017,-0.9802159602803839,1006,1146791,,
gpu,scott,4096,1,sub-25,460.37768624094315,-1.1523976295985385,1175,877574,,
gpu,jamica,65536,1,sub-01,51.95076262881048,-1.153034815789325,3000,785328,3.3712158203125,2.5752105712890625
gpu,jamica,65536,1,sub-02,84.04126589302905,-1.0324295127661094,3000,1364633,5.3731689453125,3.8145675659179688
gpu,jamica,65536,1,sub-03,76.20613000681624,-1.1286274987343452,3000,1099796,5.3731689453125,3.959941864013672
gpu,jamica,65536,1,sub-04,70.18674459308386,-1.164602148037678,3000,1057036,5.3731689453125,4.225131988525391
gpu,jamica,65536,1,sub-05,66.69086936605163,-0.9264839848794086,3000,1038926,3.3712158203125,3.261493682861328
gpu,jamica,65536,1,sub-06,94.75639996002428,-1.161173460183285,3000,1042909,3.3712158203125,3.2490806579589844
gpu,jamica,65536,1,sub-07,73.63206598092802,-1.2031514737719957,3000,1174503,5.3731689453125,4.089183807373047
gpu,jamica,65536,1,sub-08,74.00665963906795,-1.264019155287824,3000,1159910,5.3731689453125,4.088504791259766
gpu,jamica,65536,1,sub-09,85.52772196591832,-1.0515273216263608,3000,1146679,5.3731689453125,4.036048889160156
gpu,jamica,65536,1,sub-10,73.23942271398846,-1.0206547597519509,3000,1139466,5.3731689453125,3.529224395751953
gpu,jamica,65536,1,sub-11,70.42354979400989,-1.2405637604913216,3000,1104857,5.3731689453125,3.9570693969726562
gpu,jamica,65536,1,sub-12,70.27946216100827,-1.0997408329830725,3000,1111932,5.3731689453125,4.150665283203125
gpu,jamica,65536,1,sub-13,71.87179659493268,-1.178869094305275,3000,1120666,5.3731689453125,3.8995819091796875
gpu,jamica,65536,1,sub-14,71.97644854988903,-1.2891188639072844,3000,1129764,5.3731689453125,3.917896270751953
gpu,jamica,65536,1,sub-15,59.888773950049654,-1.0835524030854504,2561,1105757,5.3731689453125,3.4327239990234375
gpu,jamica,65536,1,sub-16,66.11233946215361,-1.0282725682956757,2698,1151916,5.3731689453125,3.512561798095703
gpu,jamica,65536,1,sub-17,77.30674797995016,-1.1027160969917664,3000,1119559,5.3731689453125,3.7893714904785156
gpu,jamica,65536,1,sub-18,86.84522650414146,-1.0258369706270107,3000,1155503,5.3731689453125,4.063838958740234
gpu,jamica,65536,1,sub-19,69.79625055193901,-1.041013447760948,3000,1117345,5.3731689453125,3.9251060485839844
gpu,jamica,65536,1,sub-20,70.82878788583912,-0.984482113324392,3000,916388,3.3712158203125,2.9073486328125
gpu,jamica_fullbatch,65536,1,sub-01,43.66974218492396,-1.1530376422373874,3000,785328,,
gpu,jamica_fullbatch,65536,1,sub-02,81.55762889492325,-1.0324586195297716,3000,1364633,,
gpu,jamica_fullbatch,65536,1,sub-03,58.33548692194745,-1.1286274894044452,3000,1099796,,
gpu,jamica_fullbatch,65536,1,sub-04,56.635332053061575,-1.164587563140818,3000,1057036,,
gpu,jamica_fullbatch,65536,1,sub-05,57.01919658202678,-0.9264839735605298,3000,1038926,,
gpu,jamica_fullbatch,65536,1,sub-06,66.78836404904723,-1.1611738615618745,3000,1042909,,
gpu,jamica_fullbatch,65536,1,sub-07,63.114127624896355,-1.2031512923337047,3000,1174503,,
gpu,jamica_fullbatch,65536,1,sub-08,61.55071923695505,-1.2640187377624543,3000,1159910,,
gpu,jamica_fullbatch,65536,1,sub-09,72.36302920500748,-1.051526415875,3000,1146679,,
gpu,jamica_fullbatch,65536,1,sub-10,59.141166724963114,-1.0206547168092708,3000,1139466,,
gpu,jamica_fullbatch,65536,1,sub-11,63.99156127299648,-1.240563688674778,3000,1104857,,
gpu,jamica_fullbatch,65536,1,sub-12,60.26125057297759,-1.1002105203884152,3000,1111932,,
gpu,jamica_fullbatch,65536,1,sub-13,59.736698338994756,-1.1788692591811865,3000,1120666,,
gpu,jamica_fullbatch,65536,1,sub-14,61.166711262078024,-1.289118726129344,3000,1129764,,
gpu,jamica_fullbatch,65536,1,sub-15,50.71411266399082,-1.083552682348973,2567,1105757,,
gpu,jamica_fullbatch,65536,1,sub-16,54.50910989497788,-1.0282724181422143,2697,1151916,,
gpu,jamica_fullbatch,65536,1,sub-17,68.31180403893813,-1.1027168896339412,3000,1119559,,
gpu,jamica_fullbatch,65536,1,sub-18,72.60444242903031,-1.0258367850899335,3000,1155503,,
gpu,jamica_fullbatch,65536,1,sub-19,66.99632573500276,-1.0410128258413083,3000,1117345,,
gpu,jamica_fullbatch,65536,1,sub-20,50.69064728496596,-0.9844821534592049,3000,916388,,
gpu,jamica_fullbatch,65536,1,sub-21,74.53751620289404,-1.1444219664776256,3000,1128361,,
gpu,jamica_fullbatch,65536,1,sub-22,68.7753365400713,-1.1006429531404203,3000,1108947,,
gpu,jamica_fullbatch,65536,1,sub-23,59.10587955499068,-1.0749491276263836,3000,1053821,,
gpu,jamica_fullbatch,65536,1,sub-24,63.12899388896767,-0.9795782011845952,3000,1146791,,
gpu,jamica_fullbatch,65536,1,sub-25,49.926202262053266,-1.1523305209031505,3000,877574,,
gpu,pamica,65536,1,sub-01,38.75035383098293,-1.1595252196289705,493,785328,,
gpu,pamica,65536,1,sub-02,392.18164336506743,-1.0420391732881722,3000,1364633,,
gpu,pamica,65536,1,sub-03,318.11715361697134,-1.1319713123857524,3000,1099796,,
gpu,pamica,65536,1,sub-04,304.2653789439937,-1.1712631601775316,3000,1057036,,
gpu,pamica,65536,1,sub-05,296.8598811449483,-0.9428979864855813,3000,1038926,,
gpu,pamica,65536,1,sub-06,298.5449725460494,-1.1683993656456313,3000,1042909,,
gpu,pamica,65536,1,sub-07,335.37270425399765,-1.2102716149871962,3000,1174503,,
gpu,pamica,65536,1,sub-08,331.2268835209543,-1.2693077784356301,3000,1159910,,
gpu,pamica,65536,1,sub-09,327.9886770629091,-1.0583177197769407,3000,1146679,,
gpu,pamica,65536,1,sub-10,129.33823016099632,-1.0405804494048894,1185,1139466,,
gpu,pamica,65536,1,sub-11,313.60673876898363,-1.2424398506210192,3000,1104857,,
gpu,pamica,65536,1,sub-12,21.385614608996548,-1.1203517326137176,189,1111932,,
gpu,pamica,65536,1,sub-13,325.1392886498943,-1.1814468358099586,3000,1120666,,
gpu,pamica,65536,1,sub-14,323.2470136230113,-1.289757209735378,3000,1129764,,
gpu,pamica,65536,1,sub-15,318.29515648598317,-1.1043778694633721,3000,1105757,,
gpu,pamica,65536,1,sub-16,337.0531481150538,-1.0319160226439643,3000,1151916,,
gpu,pamica,65536,1,sub-17,47.5448441329645,-1.1092116413818205,433,1119559,,
gpu,pamica,65536,1,sub-18,332.5842875619419,-1.0392369561704544,3000,1155503,,
gpu,pamica,65536,1,sub-19,319.906101943925,-1.0434347750398223,3000,1117345,,
gpu,pamica,65536,1,sub-20,37.57388565700967,-0.9929292179112273,416,916388,,
gpu,pamica,65536,1,sub-21,169.39694550796412,-1.147217988874899,1559,1128361,,
gpu,pamica,65536,1,sub-22,17.76062134001404,-1.1249909080314875,151,1108947,,
gpu,pamica,65536,1,sub-23,322.3743282990763,-1.0776894227552734,3000,1053821,,
gpu,pamica,65536,1,sub-24,279.6754365260713,-0.9866773387226323,2557,1146791,,
gpu,pamica,65536,1,sub-25,253.5487687519053,-1.1550842450838732,3000,877574,,
gpu,pyamica,65536,1,sub-01,239.63593027903698,-1.15291716925424,3000,785328,,
gpu,pyamica,65536,1,sub-02,412.9124848439824,-1.0321122532331444,3000,1364633,,
gpu,pyamica,65536,1,sub-03,334.3462073269766,-1.1286239267379161,3000,1099796,,
gpu,pyamica,65536,1,sub-04,320.44233635801356,-1.1643341462465269,3000,1057036,,
gpu,pyamica,65536,1,sub-05,315.33762527792715,-0.9260663165902148,3000,1038926,,
gpu,pyamica,65536,1,sub-06,315.7523427719716,-1.1609472931991667,3000,1042909,,
gpu,pyamica,65536,1,sub-07,354.8064983729273,-1.2031509534645133,3000,1174503,,
gpu,pyamica,65536,1,sub-08,352.4004701100057,-1.26373648569813,3000,1159910,,
gpu,pyamica,65536,1,sub-09,347.0818733869819,-1.0510493190280208,3000,1146679,,
gpu,pyamica,65536,1,sub-10,346.3081260600593,-1.0206683506456995,3000,1139466,,
gpu,pyamica,65536,1,sub-11,334.6884139740141,-1.240334789997174,3000,1104857,,
gpu,pyamica,65536,1,sub-12,337.39682592696045,-1.09950116627145,3000,1111932,,
gpu,pyamica,65536,1,sub-13,340.82186570193153,-1.1788504111233327,3000,1120666,,
gpu,pyamica,65536,1,sub-14,342.95464771799743,-1.2891179279357454,3000,1129764,,
gpu,pyamica,65536,1,sub-15,335.86419119802304,-1.0830376059450575,3000,1105757,,
gpu,pyamica,65536,1,sub-16,348.4582230660599,-1.0278897159027998,3000,1151916,,
gpu,pyamica,65536,1,sub-17,339.31252867903095,-1.1029158987062608,3000,1119559,,
gpu,pyamica,65536,1,sub-18,350.4544525059173,-1.025493190905947,3000,1155503,,
gpu,pyamica,65536,1,sub-19,338.9953516490059,-1.0407326316902639,3000,1117345,,
gpu,pyamica,65536,1,sub-20,278.11037965794094,-0.9843307268852747,3000,916388,,
gpu,pyamica,65536,1,sub-21,343.3359310301021,-1.1444277566078345,3000,1128361,,
gpu,pyamica,65536,1,sub-22,337.07801785191987,-1.099547801563635,3000,1108947,,
gpu,pyamica,65536,1,sub-23,320.5811255510198,-1.0749492682469877,3000,1053821,,
gpu,pyamica,65536,1,sub-24,349.04215195204597,-0.9795536774893244,3000,1146791,,
gpu,pyamica,65536,1,sub-25,268.40470331697725,-1.1523146656215988,3000,877574,,
gpu,scott,65536,1,sub-01,93.01377078599762,-1.1530295832299777,1306,785328,,
gpu,scott,65536,1,sub-02,161.23953219503164,-1.032382673637051,1313,1364633,,
gpu,scott,65536,1,sub-03,125.58129658701364,-1.1286970950432988,1171,1099796,,
gpu,scott,65536,1,sub-04,97.42856610997114,-1.1657851786403972,1013,1057036,,
gpu,scott,65536,1,sub-05,104.48266775591765,-0.9262874508821145,1106,1038926,,
gpu,scott,65536,1,sub-06,102.49220911902376,-1.1614138815919475,1106,1042909,,
gpu,scott,65536,1,sub-07,106.05996085505467,-1.203246615391709,1006,1174503,,
gpu,scott,65536,1,sub-08,155.7148864849005,-1.2665353643015458,1506,1159910,,
gpu,scott,65536,1,sub-09,112.30851035402156,-1.051102540161783,1106,1146679,,
gpu,scott,65536,1,sub-10,103.30969777994324,-1.021466279808639,1006,1139466,,
gpu,scott,65536,1,sub-11,158.05496153899003,-1.2403646970389068,1615,1104857,,
gpu,scott,65536,1,sub-12,110.38107086601667,-1.0995960341181312,1106,1111932,,
gpu,scott,65536,1,sub-13,79.72275995509699,-1.1790061330949326,784,1120666,,
gpu,scott,65536,1,sub-14,130.1147914560279,-1.289157855973502,1196,1129764,,
gpu,scott,65536,1,sub-15,100.9622641300084,-1.08311175654254,1013,1105757,,
gpu,scott,65536,1,sub-16,113.33685960294679,-1.0279548008668355,1106,1151916,,
gpu,scott,65536,1,sub-17,141.023142748978,-1.1031668649975157,1406,1119559,,
gpu,scott,65536,1,sub-18,126.05396857101005,-1.025716325263924,1206,1155503,,
gpu,scott,65536,1,sub-19,111.16626431490295,-1.04080780339581,1106,1117345,,
gpu,scott,65536,1,sub-20,68.06067266897298,-0.9844451166961458,806,916388,,
gpu,scott,65536,1,sub-21,126.551605581888,-1.144478184896788,1237,1128361,,
gpu,scott,65536,1,sub-22,138.57629014493432,-1.1006364425569344,1406,1108947,,
gpu,scott,65536,1,sub-23,102.92077867500484,-1.0749924015174537,1060,1053821,,
gpu,scott,65536,1,sub-24,105.46651509206276,-0.9802157900970969,1006,1146791,,
gpu,scott,65536,1,sub-25,95.83304695703555,-1.1523974906391075,1177,877574,,
