device,impl,chunk,rep,subject,fit_time_s,s_per_iter,ll_final,n_iter,n_samples,mem_gb
cpu,jamica,16384,5,sub-03,2474.9415590469725,2.4749415590469726,-1.1287120988809662,1000,1099796,2.2761802673339844
cpu,jamica_fullbatch,16384,5,sub-04,4276.255439111032,4.276255439111032,-1.165934328770387,1000,1057036,19.748374938964844
cpu,pyamica,16384,5,sub-02,14021.56990252086,14.02156990252086,-1.0324868479060723,1000,1364633,2.9725799560546875
cpu,jamica_fullbatch,16384,5,sub-03,5979.3583382330835,5.979358338233084,-1.1287125143489516,1000,1099796,20.52267837524414
cpu,amica_python,16384,5,sub-02,3755.8397582489997,3.7558397582489995,-1.032403357339518,1000,1364633,2.4697265625
cpu,amica_python,16384,5,sub-01,2245.558056056034,2.245558056056034,-1.1531752639507848,1000,785328,1.640625
cpu,pamica,16384,5,sub-02,8162.168424911099,8.162168424911098,-1.0436709707432674,1000,1364633,2.635986328125
cpu,jamica_fullbatch,16384,5,sub-02,5315.604975085938,5.315604975085939,-1.0325995667804688,1000,1364633,25.420307159423828
cpu,amica_python,16384,5,sub-04,3151.201606225004,3.151201606225004,-1.1657741851869847,1000,1057036,2.0302734375
cpu,jamica,16384,5,sub-01,2007.7244568478782,2.0077244568478783,-1.153120968070542,1000,785328,1.8557510375976562
cpu,pyamica,16384,5,sub-03,9385.108375912998,9.385108375912997,-1.1288289201367367,1000,1099796,2.8647193908691406
cpu,pamica,16384,5,sub-03,4005.541806271998,4.0055418062719985,-1.1335541288453626,1000,1099796,2.4926986694335938
cpu,pamica,16384,5,sub-05,5306.240520694002,5.306240520694002,-0.9469392339595691,1000,1038926,2.429656982421875
cpu,pamica,16384,5,sub-01,2346.112494910136,2.3461124949101357,-1.158862823935041,1000,785328,2.2729148864746094
cpu,jamica_fullbatch,16384,5,sub-01,3852.636566185858,3.852636566185858,-1.1531207626735362,1000,785328,15.0133056640625
cpu,pyamica,16384,5,sub-04,13444.31113745502,13.44431113745502,-1.1646010131686917,1000,1057036,2.6032028198242188
cpu,amica_python,16384,5,sub-03,3638.5479130540043,3.6385479130540044,-1.12883375406459,1000,1099796,2.09033203125
cpu,jamica,16384,5,sub-02,2608.814330856083,2.608814330856083,-1.032612940561554,1000,1364633,2.7855491638183594
cpu,amica_python,16384,5,sub-05,2646.3945059541147,2.6463945059541145,-0.9261726941453485,1000,1038926,1.9658203125
cpu,jamica,16384,5,sub-04,2134.987231408013,2.134987231408013,-1.165933259481914,1000,1057036,2.201526641845703
cpu,pyamica,16384,5,sub-05,7595.198572099005,7.595198572099005,-0.9263196292908551,1000,1038926,2.6975746154785156
cpu,pyamica,16384,5,sub-01,8251.626243530074,8.251626243530074,-1.1531675782854187,1000,785328,2.5227737426757812
cpu,pamica,16384,5,sub-04,4526.613173381193,4.526613173381192,-1.174129522158079,1000,1057036,2.4541473388671875
cpu,jamica_fullbatch,16384,5,sub-05,3949.2170473719016,3.9492170473719015,-0.9266628655139011,1000,1038926,19.32754135131836
cpu,jamica_fullbatch,65536,9,sub-04,5062.937237957005,5.062937237957005,-1.165934328770387,1000,1057036,19.77703857421875
cpu,jamica_fullbatch,65536,9,sub-03,3792.241378693143,3.792241378693143,-1.1287125143489516,1000,1099796,20.571746826171875
cpu,amica_python,65536,9,sub-02,5294.38163899607,5.29438163899607,-1.0326425239213264,1000,1364633,2.6554908752441406
cpu,amica_python,65536,9,sub-01,3053.243717717007,3.053243717717007,-1.1531739567666115,1000,785328,2.0150489807128906
cpu,jamica_fullbatch,65536,9,sub-02,4806.846594519913,4.8068465945199135,-1.0325995667804688,1000,1364633,25.39678192138672
cpu,amica_python,65536,9,sub-04,3313.311341927154,3.313311341927154,-1.1657744854520669,1000,1057036,2.3647422790527344
cpu,fortran,65536,9,sub-02,10230.14888463699,10.230148884636991,-1.03265569547342,1000,1364633,1.4862556457519531
cpu,pamica,65536,9,sub-03,9375.19941228698,9.37519941228698,-1.1335580237364855,1000,1099796,2.925212860107422
cpu,pamica,65536,9,sub-05,9327.28329023,9.32728329023,-0.9469595019426734,1000,1038926,2.6267738342285156
cpu,fortran,65536,9,sub-01,6409.106065560831,6.409106065560831,-1.1532745255142114,1000,785328,1.2125244140625
cpu,pamica,65536,9,sub-01,6637.762325111078,6.637762325111078,-1.158867480348329,1000,785328,2.388805389404297
cpu,jamica_fullbatch,65536,9,sub-01,3136.286781120114,3.136286781120114,-1.1531207626735362,1000,785328,14.940067291259766
cpu,amica_python,65536,9,sub-03,4096.342144532129,4.096342144532129,-1.128833118236055,1000,1099796,2.4217453002929688
cpu,fortran,65536,9,sub-04,8389.435393514112,8.38943539351411,-1.1658347484066158,1000,1057036,1.2973518371582031
cpu,fortran,65536,9,sub-05,7555.259563270956,7.5552595632709565,-0.9265679751029275,1000,1038926,1.3284378051757812
cpu,amica_python,65536,9,sub-05,4612.822150073014,4.612822150073014,-0.9261726776794893,1000,1038926,2.4178924560546875
cpu,pyamica,65536,9,sub-01,7742.322545842035,7.742322545842034,-1.1531676157253403,1000,785328,3.532451629638672
cpu,fortran,65536,9,sub-03,7802.945344674867,7.802945344674867,-1.128725160754568,1000,1099796,1.3537101745605469
cpu,jamica_fullbatch,65536,9,sub-05,3096.330584723997,3.0963305847239972,-0.9266628655139011,1000,1038926,19.298282623291016
cpu,jamica_fullbatch,4096,5,sub-04,4214.004413422896,4.214004413422896,-1.165934328770387,1000,1057036,19.749042510986328
cpu,pyamica,4096,5,sub-02,29938.93383396906,29.93893383396906,-1.0324871436555667,1000,1364633,2.3849830627441406
cpu,jamica_fullbatch,4096,5,sub-03,6000.751732847188,6.0007517328471875,-1.1287125143489516,1000,1099796,20.536819458007812
cpu,amica_python,4096,5,sub-01,1747.6896277719643,1.7476896277719642,-1.153174293021278,1000,785328,1.6376953125
cpu,pamica,4096,5,sub-02,6731.11287898384,6.73111287898384,-1.0436261271768486,1000,1364633,1.8878173828125
cpu,jamica_fullbatch,4096,5,sub-02,5071.514214873081,5.071514214873081,-1.0325995667804688,1000,1364633,25.381690979003906
cpu,amica_python,4096,5,sub-04,3079.919147243025,3.0799191472430247,-1.1657743738818092,1000,1057036,2.033203125
cpu,jamica,4096,5,sub-01,1902.9872952760197,1.9029872952760196,-1.1531213874406419,1000,785328,1.676177978515625
cpu,pyamica,4096,5,sub-03,35036.670472361846,35.03667047236185,-1.1288292424156072,1000,1099796,2.0082550048828125
cpu,pamica,4096,5,sub-03,4388.724787180079,4.388724787180079,-1.1335565283549298,1000,1099796,1.7748336791992188
cpu,pamica,4096,5,sub-05,2806.3489196361043,2.8063489196361044,-0.9469104025013119,1000,1038926,1.7893218994140625
cpu,fortran,4096,5,sub-01,5300.807661110011,5.300807661110011,-1.153274000517731,1000,785328,0.6094474792480469
cpu,pamica,4096,5,sub-01,2265.660991932964,2.2656609919329638,-1.1588623667347797,1000,785328,1.4888954162597656
cpu,jamica_fullbatch,4096,5,sub-01,3196.162182916887,3.196162182916887,-1.1531207626735362,1000,785328,15.017143249511719
cpu,pyamica,4096,5,sub-04,23669.578281607,23.669578281607,-1.1646014141141912,1000,1057036,1.9464645385742188
cpu,amica_python,4096,5,sub-03,4132.680912185926,4.132680912185926,-1.1288331933414206,1000,1099796,2.08740234375
cpu,jamica,4096,5,sub-02,2533.217644369928,2.533217644369928,-1.0325996078589716,1000,1364633,2.785999298095703
cpu,amica_python,4096,5,sub-05,3472.8814995279536,3.4728814995279538,-0.9261730022396539,1000,1038926,2.00830078125
cpu,jamica,4096,5,sub-04,1896.331293005962,1.896331293005962,-1.1659338425194816,1000,1057036,2.202953338623047
cpu,pyamica,4096,5,sub-05,20927.553242182126,20.927553242182125,-0.9263322416839727,1000,1038926,1.9434814453125
cpu,pyamica,4096,5,sub-01,15103.577801761916,15.103577801761915,-1.1531678975012871,1000,785328,1.5577354431152344
cpu,pamica,4096,5,sub-04,3113.536680896068,3.113536680896068,-1.174145026284508,1000,1057036,1.7190589904785156
cpu,jamica_fullbatch,4096,5,sub-05,3518.7492322081234,3.5187492322081235,-0.9266628655139011,1000,1038926,19.383800506591797
cpu,jamica,65536,3,sub-03,2754.9502298838925,2.7549502298838924,-1.1287121527135848,1000,1099796,3.6585426330566406
cpu,jamica_fullbatch,65536,3,sub-04,4255.92833558796,4.25592833558796,-1.165934328770387,1000,1057036,19.76259994506836
cpu,jamica_fullbatch,65536,3,sub-03,5097.38068823982,5.09738068823982,-1.1287125143489516,1000,1099796,20.579261779785156
cpu,amica_python,65536,3,sub-02,4866.650854271837,4.866650854271836,-1.0326425239213264,1000,1364633,2.7032203674316406
cpu,amica_python,65536,3,sub-01,2396.901911643101,2.3969019116431007,-1.1531739567666115,1000,785328,2.2717247009277344
cpu,jamica_fullbatch,65536,3,sub-02,5560.781078795902,5.560781078795903,-1.0325995667804688,1000,1364633,25.394981384277344
cpu,amica_python,65536,3,sub-04,2984.0037875780836,2.9840037875780836,-1.1657744854520669,1000,1057036,2.3616371154785156
cpu,fortran,65536,3,sub-02,10156.029759061057,10.156029759061058,-1.03265569547342,1000,1364633,1.4862861633300781
cpu,jamica,65536,3,sub-01,2484.807345066918,2.484807345066918,-1.153120984074983,1000,785328,3.7892227172851562
cpu,pamica,65536,3,sub-03,8771.089623609994,8.771089623609994,-1.1335580237364855,1000,1099796,2.68402099609375
cpu,fortran,65536,3,sub-01,5739.310676242225,5.739310676242225,-1.1532745255142114,1000,785328,1.2110404968261719
cpu,pamica,65536,3,sub-01,8262.887815910995,8.262887815910995,-1.158867480348329,1000,785328,2.3853797912597656
cpu,jamica_fullbatch,65536,3,sub-01,3004.1783753980417,3.0041783753980416,-1.1531207626735362,1000,785328,14.911590576171875
cpu,amica_python,65536,3,sub-03,4186.0730064040035,4.186073006404004,-1.128833118236055,1000,1099796,2.2573204040527344
cpu,fortran,65536,3,sub-04,8644.844875304028,8.64484487530403,-1.1658347484066158,1000,1057036,1.2957801818847656
cpu,fortran,65536,3,sub-05,8795.440710332943,8.795440710332944,-0.9265679751029275,1000,1038926,1.3299751281738281
cpu,amica_python,65536,3,sub-05,4138.309596100124,4.1383095961001235,-0.9261726776794893,1000,1038926,2.2936935424804688
cpu,jamica,65536,3,sub-04,1925.528202046873,1.9255282020468731,-1.165947202979753,1000,1057036,3.00567626953125
cpu,pyamica,65536,3,sub-01,8912.648302815855,8.912648302815855,-1.1531676157253403,1000,785328,3.6246376037597656
cpu,fortran,65536,3,sub-03,8182.755412401864,8.182755412401864,-1.128725160754568,1000,1099796,1.3571662902832031
cpu,pamica,65536,3,sub-04,9218.762635590043,9.218762635590043,-1.1741389271273437,1000,1057036,2.630298614501953
cpu,jamica_fullbatch,65536,3,sub-05,3365.1007868731394,3.3651007868731395,-0.9266628655139011,1000,1038926,19.298782348632812
cpu,jamica,65536,5,sub-03,2011.003732630983,2.011003732630983,-1.1287121527135848,1000,1099796,3.659912109375
cpu,jamica_fullbatch,65536,5,sub-04,3774.3551406469196,3.77435514064692,-1.165934328770387,1000,1057036,19.75617218017578
cpu,jamica_fullbatch,65536,5,sub-03,3646.2854059839156,3.6462854059839156,-1.1287125143489516,1000,1099796,20.5538330078125
cpu,amica_python,65536,5,sub-02,4423.70893644006,4.42370893644006,-1.0326425239213264,1000,1364633,2.751739501953125
cpu,amica_python,65536,5,sub-01,2287.848805743037,2.2878488057430366,-1.1531739567666115,1000,785328,2.3046836853027344
cpu,pamica,65536,5,sub-02,10579.999760582112,10.579999760582112,-1.0436649557302344,1000,1364633,2.93902587890625
cpu,jamica_fullbatch,65536,5,sub-02,4319.893604072975,4.319893604072975,-1.0325995667804688,1000,1364633,25.43472671508789
cpu,amica_python,65536,5,sub-04,3424.092262722086,3.424092262722086,-1.1657744854520669,1000,1057036,2.264568328857422
cpu,fortran,65536,5,sub-02,10620.580903159003,10.620580903159004,-1.03265569547342,1000,1364633,1.4872703552246094
cpu,jamica,65536,5,sub-01,2294.616558631882,2.294616558631882,-1.153120984074983,1000,785328,3.81439208984375
cpu,pamica,65536,5,sub-05,9100.477620858932,9.100477620858932,-0.9469595019426734,1000,1038926,2.881763458251953
cpu,fortran,65536,5,sub-01,6271.199300963199,6.2711993009631986,-1.1532745255142114,1000,785328,1.2123184204101562
cpu,pamica,65536,5,sub-01,7792.792296331143,7.792792296331143,-1.158867480348329,1000,785328,2.3884658813476562
cpu,jamica_fullbatch,65536,5,sub-01,3012.986213654047,3.012986213654047,-1.1531207626735362,1000,785328,14.920421600341797
cpu,amica_python,65536,5,sub-03,5029.243723385007,5.029243723385007,-1.128833118236055,1000,1099796,2.2484092712402344
cpu,fortran,65536,5,sub-04,8563.688338876935,8.563688338876934,-1.1658347484066158,1000,1057036,1.2914695739746094
cpu,fortran,65536,5,sub-05,7692.882463983959,7.692882463983959,-0.9265679751029275,1000,1038926,1.3285369873046875
cpu,amica_python,65536,5,sub-05,3870.528074702015,3.870528074702015,-0.9261726776794893,1000,1038926,2.3505172729492188
cpu,jamica,65536,5,sub-04,2702.235581931891,2.702235581931891,-1.165947202979753,1000,1057036,2.9359474182128906
cpu,pyamica,65536,5,sub-01,7452.69503589184,7.45269503589184,-1.1531676157253403,1000,785328,3.6250686645507812
cpu,fortran,65536,5,sub-03,7967.62636533007,7.96762636533007,-1.128725160754568,1000,1099796,1.3522491455078125
cpu,pamica,65536,5,sub-04,8738.462603912922,8.738462603912922,-1.1741389271273437,1000,1057036,2.9292526245117188
cpu,jamica_fullbatch,65536,5,sub-05,3461.2635126730893,3.461263512673089,-0.9266628655139011,1000,1038926,19.39840316772461
cpu,jamica,262144,5,sub-03,2387.373649120098,2.387373649120098,-1.1287126076169087,1000,1099796,6.965396881103516
cpu,jamica_fullbatch,262144,5,sub-04,3732.079616016941,3.732079616016941,-1.165934328770387,1000,1057036,19.747264862060547
cpu,pyamica,262144,5,sub-02,13692.294159385143,13.692294159385144,-1.03248754998133,1000,1364633,10.126834869384766
cpu,jamica_fullbatch,262144,5,sub-03,4087.0520876890514,4.0870520876890515,-1.1287125143489516,1000,1099796,20.54697036743164
cpu,amica_python,262144,5,sub-02,5424.496576951817,5.4244965769518165,-1.0324055278559285,1000,1364633,4.4445037841796875
cpu,amica_python,262144,5,sub-01,3153.51834396692,3.15351834396692,-1.1531749131075832,1000,785328,4.145011901855469
cpu,pamica,262144,5,sub-02,12815.975384713849,12.815975384713848,-1.0436374544561549,1000,1364633,6.616062164306641
cpu,jamica_fullbatch,262144,5,sub-02,5507.937626572093,5.507937626572093,-1.0325995667804688,1000,1364633,25.384033203125
cpu,amica_python,262144,5,sub-04,3636.2519707510073,3.6362519707510073,-1.1657743827973936,1000,1057036,4.197444915771484
cpu,pyamica,262144,5,sub-03,11653.616407338995,11.653616407338996,-1.1288224828355866,1000,1099796,9.776657104492188
cpu,pamica,262144,5,sub-03,8387.833806386916,8.387833806386915,-1.1335646630760174,1000,1099796,6.322727203369141
cpu,pamica,262144,5,sub-05,9441.525594850013,9.441525594850013,-0.9469852310017606,1000,1038926,5.903263092041016
cpu,fortran,262144,5,sub-01,7171.105874752859,7.171105874752858,-1.1532740274186675,1000,785328,3.1394119262695312
cpu,pamica,262144,5,sub-01,7130.348016232019,7.130348016232019,-1.1588531098989758,1000,785328,5.6842498779296875
cpu,jamica_fullbatch,262144,5,sub-01,2787.655754369014,2.7876557543690144,-1.1531207626735362,1000,785328,15.005607604980469
cpu,pyamica,262144,5,sub-04,9227.643184588058,9.227643184588057,-1.1646014422049205,1000,1057036,9.831409454345703
cpu,amica_python,262144,5,sub-03,4614.095196363982,4.614095196363982,-1.1288335242887821,1000,1099796,4.14739990234375
cpu,jamica,262144,5,sub-02,4276.650872037993,4.276650872037993,-1.0326194840592775,1000,1364633,7.238727569580078
cpu,amica_python,262144,5,sub-05,4814.47435595002,4.81447435595002,-0.9261727335432843,1000,1038926,4.324760437011719
cpu,jamica,262144,5,sub-04,3206.705800576834,3.206705800576834,-1.165949071611673,1000,1057036,6.337432861328125
cpu,pyamica,262144,5,sub-05,8581.936229793122,8.581936229793122,-0.9263077113170608,1000,1038926,9.401874542236328
cpu,pyamica,262144,5,sub-01,11647.50376046612,11.647503760466119,-1.153167916050067,1000,785328,9.142738342285156
cpu,pamica,262144,5,sub-04,8336.675312871812,8.336675312871812,-1.1741332775845734,1000,1057036,6.247615814208984
cpu,jamica_fullbatch,262144,5,sub-05,4480.6372945759795,4.480637294575979,-0.9266628655139011,1000,1038926,19.276714324951172
cpu,jamica_fullbatch,65536,6,sub-04,4392.103883087169,4.392103883087169,-1.165934328770387,1000,1057036,19.747013092041016
cpu,jamica_fullbatch,65536,6,sub-03,3805.1546832912136,3.8051546832912138,-1.1287125143489516,1000,1099796,20.565711975097656
cpu,amica_python,65536,6,sub-02,4923.578004159033,4.923578004159033,-1.0326425239213264,1000,1364633,2.682811737060547
cpu,amica_python,65536,6,sub-01,2357.2763247701805,2.3572763247701807,-1.1531739567666115,1000,785328,2.013927459716797
cpu,jamica_fullbatch,65536,6,sub-02,4446.787610606989,4.446787610606989,-1.0325995667804688,1000,1364633,25.405155181884766
cpu,amica_python,65536,6,sub-04,3525.029955228092,3.525029955228092,-1.1657744854520669,1000,1057036,2.3273544311523438
cpu,fortran,65536,6,sub-02,9982.165118359,9.982165118359001,-1.03265569547342,1000,1364633,1.486480712890625
cpu,pamica,65536,6,sub-03,10738.352643909864,10.738352643909865,-1.1335580237364855,1000,1099796,2.914325714111328
cpu,pamica,65536,6,sub-05,9447.349481703015,9.447349481703014,-0.9469595019426734,1000,1038926,2.8624916076660156
cpu,fortran,65536,6,sub-01,5822.8064316839445,5.8228064316839445,-1.1532745255142114,1000,785328,1.2108383178710938
cpu,pamica,65536,6,sub-01,6249.414803469786,6.2494148034697865,-1.158867480348329,1000,785328,2.389942169189453
cpu,jamica_fullbatch,65536,6,sub-01,2768.0356514609884,2.7680356514609885,-1.1531207626735362,1000,785328,14.896434783935547
cpu,amica_python,65536,6,sub-03,5111.49679219001,5.111496792190009,-1.128833118236055,1000,1099796,2.2661285400390625
cpu,fortran,65536,6,sub-04,8448.88275850704,8.44888275850704,-1.1658347484066158,1000,1057036,1.2914581298828125
cpu,fortran,65536,6,sub-05,7782.740191312041,7.782740191312041,-0.9265679751029275,1000,1038926,1.3286018371582031
cpu,amica_python,65536,6,sub-05,4827.18112012418,4.827181120124179,-0.9261726776794893,1000,1038926,2.2415122985839844
cpu,pyamica,65536,6,sub-01,8238.805513611995,8.238805513611995,-1.1531676157253403,1000,785328,3.6279373168945312
cpu,fortran,65536,6,sub-03,8209.21512237587,8.20921512237587,-1.128725160754568,1000,1099796,1.352752685546875
cpu,pamica,65536,6,sub-04,9399.874789688969,9.399874789688969,-1.1741389271273437,1000,1057036,2.9451942443847656
cpu,jamica_fullbatch,65536,6,sub-05,3795.6488802980166,3.7956488802980166,-0.9266628655139011,1000,1038926,19.27944564819336
cpu,jamica_fullbatch,65536,10,sub-04,4023.710497264983,4.023710497264983,-1.165934328770387,1000,1057036,19.76022720336914
cpu,jamica_fullbatch,65536,10,sub-03,3494.946000416996,3.494946000416996,-1.1287125143489516,1000,1099796,20.586990356445312
cpu,amica_python,65536,10,sub-02,4728.254027080024,4.728254027080023,-1.0326425239213264,1000,1364633,2.62384033203125
cpu,amica_python,65536,10,sub-01,2412.9074323679997,2.4129074323679998,-1.1531739567666115,1000,785328,2.3621749877929688
cpu,jamica_fullbatch,65536,10,sub-02,3937.448616728885,3.937448616728885,-1.0325995667804688,1000,1364633,25.438827514648438
cpu,amica_python,65536,10,sub-04,4319.530337751006,4.319530337751006,-1.1657744854520669,1000,1057036,2.266925811767578
cpu,fortran,65536,10,sub-02,10046.494706902973,10.046494706902973,-1.03265569547342,1000,1364633,1.48626708984375
cpu,pamica,65536,10,sub-03,8593.375476182904,8.593375476182905,-1.1335580237364855,1000,1099796,2.6844520568847656
cpu,pamica,65536,10,sub-05,10597.458740941998,10.597458740941999,-0.9469595019426734,1000,1038926,2.923370361328125
cpu,fortran,65536,10,sub-01,5776.831850696122,5.776831850696122,-1.1532745255142114,1000,785328,1.2110061645507812
cpu,pamica,65536,10,sub-01,6262.49121233006,6.26249121233006,-1.158867480348329,1000,785328,2.390594482421875
cpu,jamica_fullbatch,65536,10,sub-01,3178.502896134043,3.178502896134043,-1.1531207626735362,1000,785328,14.918281555175781
cpu,pyamica,65536,10,sub-04,10334.29285848001,10.33429285848001,-1.1646013351520461,1000,1057036,3.9479293823242188
cpu,amica_python,65536,10,sub-03,4468.782686223043,4.468782686223043,-1.128833118236055,1000,1099796,2.464893341064453
cpu,fortran,65536,10,sub-04,9811.842638074188,9.811842638074188,-1.1658347484066158,1000,1057036,1.3045883178710938
cpu,fortran,65536,10,sub-05,8843.053357737837,8.843053357737837,-0.9265679751029275,1000,1038926,1.3401718139648438
cpu,amica_python,65536,10,sub-05,3918.986521464074,3.918986521464074,-0.9261726776794893,1000,1038926,2.265827178955078
cpu,pyamica,65536,10,sub-01,7808.332693004981,7.808332693004981,-1.1531676157253403,1000,785328,3.5600204467773438
cpu,fortran,65536,10,sub-03,8221.7577600691,8.2217577600691,-1.128725160754568,1000,1099796,1.3537826538085938
cpu,pamica,65536,10,sub-04,9592.167990565998,9.592167990565999,-1.1741389271273437,1000,1057036,2.6431732177734375
cpu,jamica_fullbatch,65536,10,sub-05,4813.999327827012,4.813999327827013,-0.9266628655139011,1000,1038926,19.385841369628906
cpu,jamica_fullbatch,4096,2,sub-04,4307.593202965101,4.307593202965101,-1.165934328770387,1000,1057036,19.748126983642578
cpu,jamica_fullbatch,4096,2,sub-03,4578.555944865104,4.578555944865104,-1.1287125143489516,1000,1099796,20.562564849853516
cpu,amica_python,4096,2,sub-02,3863.678855236998,3.8636788552369983,-1.0326399912111845,1000,1364633,2.46533203125
cpu,amica_python,4096,2,sub-01,1304.8813168460038,1.3048813168460038,-1.153174293021278,1000,785328,1.63623046875
cpu,pamica,4096,2,sub-02,3576.654899682995,3.576654899682995,-1.0436261271768486,1000,1364633,2.0193443298339844
cpu,jamica_fullbatch,4096,2,sub-02,5916.2683293039445,5.916268329303945,-1.0325995667804688,1000,1364633,25.42438507080078
cpu,amica_python,4096,2,sub-04,3265.34344294318,3.26534344294318,-1.1657743738818092,1000,1057036,2.03466796875
cpu,jamica,4096,2,sub-01,1424.7672463129275,1.4247672463129275,-1.1531213874406419,1000,785328,1.6778297424316406
cpu,pyamica,4096,2,sub-03,32952.37848108681,32.95237848108681,-1.1288292424156072,1000,1099796,2.007190704345703
cpu,pamica,4096,2,sub-03,6059.593460423872,6.059593460423872,-1.1335565283549298,1000,1099796,1.6743583679199219
cpu,pamica,4096,2,sub-05,3767.8965174639598,3.7678965174639596,-0.9469104025013119,1000,1038926,1.7337760925292969
cpu,fortran,4096,2,sub-01,5383.369375612005,5.383369375612005,-1.153274000517731,1000,785328,0.6104087829589844
cpu,pamica,4096,2,sub-01,2766.0064059509896,2.7660064059509897,-1.1588623667347797,1000,785328,1.4760017395019531
cpu,jamica_fullbatch,4096,2,sub-01,3271.010329937795,3.2710103299377953,-1.1531207626735362,1000,785328,15.008262634277344
cpu,pyamica,4096,2,sub-04,21119.987469899002,21.119987469899,-1.1646014141141912,1000,1057036,1.9453468322753906
cpu,amica_python,4096,2,sub-03,3835.508220151998,3.835508220151998,-1.1288331933414206,1000,1099796,2.09033203125
cpu,jamica,4096,2,sub-02,2957.921093664001,2.9579210936640012,-1.0325996078589716,1000,1364633,2.7785377502441406
cpu,amica_python,4096,2,sub-05,2202.495866061974,2.202495866061974,-0.9261730022396539,1000,1038926,2.00244140625
cpu,jamica,4096,2,sub-04,2549.4204136240296,2.5494204136240297,-1.1659338425194816,1000,1057036,2.204326629638672
cpu,pyamica,4096,2,sub-05,23564.224458037876,23.564224458037877,-0.9263322416839727,1000,1038926,1.9481353759765625
cpu,pyamica,4096,2,sub-01,13695.254841685062,13.695254841685061,-1.1531678975012871,1000,785328,1.6047935485839844
cpu,pamica,4096,2,sub-04,5099.958133774009,5.099958133774009,-1.174145026284508,1000,1057036,1.5919837951660156
cpu,jamica_fullbatch,4096,2,sub-05,4087.1806942070834,4.087180694207084,-0.9266628655139011,1000,1038926,19.376880645751953
cpu,jamica_fullbatch,65536,7,sub-04,3303.908097490901,3.303908097490901,-1.165934328770387,1000,1057036,19.76251220703125
cpu,jamica_fullbatch,65536,7,sub-03,4091.9769198170397,4.09197691981704,-1.1287125143489516,1000,1099796,20.567760467529297
cpu,amica_python,65536,7,sub-02,4610.263845512993,4.610263845512993,-1.0326425239213264,1000,1364633,2.723865509033203
cpu,amica_python,65536,7,sub-01,2878.5770485040266,2.8785770485040265,-1.1531739567666115,1000,785328,2.014923095703125
cpu,jamica_fullbatch,65536,7,sub-02,5416.773453939008,5.416773453939007,-1.0325995667804688,1000,1364633,25.395465850830078
cpu,amica_python,65536,7,sub-04,4340.586040430004,4.340586040430003,-1.1657744854520669,1000,1057036,2.3748512268066406
cpu,fortran,65536,7,sub-02,10195.45782045601,10.19545782045601,-1.03265569547342,1000,1364633,1.4862098693847656
cpu,fortran,65536,7,sub-01,5873.0037931681145,5.873003793168115,-1.1532745255142114,1000,785328,1.2124862670898438
cpu,pamica,65536,7,sub-01,6117.984161976958,6.117984161976958,-1.158867480348329,1000,785328,2.6614723205566406
cpu,jamica_fullbatch,65536,7,sub-01,2686.8062327769585,2.6868062327769584,-1.1531207626735362,1000,785328,14.920146942138672
cpu,amica_python,65536,7,sub-03,4422.524055799993,4.422524055799993,-1.128833118236055,1000,1099796,2.273792266845703
cpu,fortran,65536,7,sub-04,8450.404793135822,8.450404793135823,-1.1658347484066158,1000,1057036,1.2914657592773438
cpu,fortran,65536,7,sub-05,7515.627479424002,7.515627479424001,-0.9265679751029275,1000,1038926,1.3286361694335938
cpu,amica_python,65536,7,sub-05,3702.8636335548945,3.7028636335548946,-0.9261726776794893,1000,1038926,2.48406982421875
cpu,pyamica,65536,7,sub-05,10340.43545324495,10.34043545324495,-0.9263066256287176,1000,1038926,3.8396224975585938
cpu,pyamica,65536,7,sub-01,7446.378033973044,7.446378033973044,-1.1531676157253403,1000,785328,3.5191574096679688
cpu,fortran,65536,7,sub-03,7832.436029314995,7.832436029314994,-1.128725160754568,1000,1099796,1.3528366088867188
cpu,jamica_fullbatch,65536,7,sub-05,3403.0568849050032,3.4030568849050034,-0.9266628655139011,1000,1038926,19.355892181396484
cpu,jamica,4096,1,sub-03,1576.1289028050378,1.5761289028050378,-1.1287126098870053,1000,1099796,2.278675079345703
cpu,jamica_fullbatch,4096,1,sub-04,4703.512977418024,4.703512977418024,-1.165934328770387,1000,1057036,19.747634887695312
cpu,pyamica,4096,1,sub-02,26355.80472952593,26.355804729525932,-1.0324871436555667,1000,1364633,2.518817901611328
cpu,jamica_fullbatch,4096,1,sub-03,4493.872981506996,4.493872981506996,-1.1287125143489516,1000,1099796,20.554752349853516
cpu,amica_python,4096,1,sub-02,3110.2902731870126,3.1102902731870126,-1.0326399912111845,1000,1364633,2.46826171875
cpu,amica_python,4096,1,sub-01,2291.6214046019886,2.2916214046019885,-1.153174293021278,1000,785328,1.640625
cpu,pamica,4096,1,sub-02,5260.349040539004,5.260349040539004,-1.0436261271768486,1000,1364633,1.9796638488769531
cpu,jamica_fullbatch,4096,1,sub-02,6731.791093717999,6.731791093717999,-1.0325995667804688,1000,1364633,25.381591796875
cpu,amica_python,4096,1,sub-04,2415.840528886998,2.415840528886998,-1.1657743738818092,1000,1057036,2.033203125
cpu,jamica,4096,1,sub-01,1454.6601498068776,1.4546601498068776,-1.1531213874406419,1000,785328,1.6771278381347656
cpu,pyamica,4096,1,sub-03,33962.12897588196,33.96212897588196,-1.1288292424156072,1000,1099796,2.0078353881835938
cpu,pamica,4096,1,sub-03,4224.920970455976,4.224920970455976,-1.1335565283549298,1000,1099796,1.7477874755859375
cpu,pamica,4096,1,sub-05,3217.476078176871,3.2174760781768708,-0.9469104025013119,1000,1038926,1.7306289672851562
cpu,fortran,4096,1,sub-01,5423.737799463008,5.423737799463008,-1.153274000517731,1000,785328,0.6079940795898438
cpu,pamica,4096,1,sub-01,3540.9164582810045,3.5409164582810044,-1.1588623667347797,1000,785328,1.4751358032226562
cpu,jamica_fullbatch,4096,1,sub-01,3758.0960082029924,3.758096008202992,-1.1531207626735362,1000,785328,14.84762954711914
cpu,pyamica,4096,1,sub-04,30230.38576472504,30.23038576472504,-1.1646014141141912,1000,1057036,1.9475212097167969
cpu,amica_python,4096,1,sub-03,4381.721103983931,4.381721103983931,-1.1288331933414206,1000,1099796,2.0888671875
cpu,jamica,4096,1,sub-02,3058.443424625002,3.0584434246250023,-1.0325996078589716,1000,1364633,2.7817153930664062
cpu,amica_python,4096,1,sub-05,2262.891156696016,2.262891156696016,-0.9261730022396539,1000,1038926,2.00537109375
cpu,jamica,4096,1,sub-04,2123.830165356165,2.1238301653561646,-1.1659338425194816,1000,1057036,2.1944007873535156
cpu,pyamica,4096,1,sub-05,23342.03307067114,23.34203307067114,-0.9263322416839727,1000,1038926,1.9420967102050781
cpu,pyamica,4096,1,sub-01,19432.22447038199,19.43222447038199,-1.1531678975012871,1000,785328,1.6008224487304688
cpu,pamica,4096,1,sub-04,4439.9270053110085,4.4399270053110085,-1.174145026284508,1000,1057036,1.5978851318359375
cpu,jamica_fullbatch,4096,1,sub-05,4527.844499303028,4.527844499303028,-0.9266628655139011,1000,1038926,19.316020965576172
cpu,jamica_fullbatch,4096,4,sub-04,4715.331403675955,4.715331403675955,-1.165934328770387,1000,1057036,19.746158599853516
cpu,pyamica,4096,4,sub-02,34208.916324249,34.208916324249,-1.0324871436555667,1000,1364633,2.4231719970703125
cpu,jamica_fullbatch,4096,4,sub-03,4741.7388832331635,4.741738883233164,-1.1287125143489516,1000,1099796,20.556617736816406
cpu,amica_python,4096,4,sub-01,1596.398464554004,1.596398464554004,-1.153174293021278,1000,785328,1.640625
cpu,pamica,4096,4,sub-02,3334.8512860210612,3.334851286021061,-1.0436261271768486,1000,1364633,2.0334434509277344
cpu,jamica_fullbatch,4096,4,sub-02,4692.64492094703,4.69264492094703,-1.0325995667804688,1000,1364633,25.376773834228516
cpu,amica_python,4096,4,sub-04,2786.608806252014,2.786608806252014,-1.1657743738818092,1000,1057036,2.02880859375
cpu,jamica,4096,4,sub-01,1821.9633972910233,1.8219633972910232,-1.1531213874406419,1000,785328,1.6784782409667969
cpu,pyamica,4096,4,sub-03,27130.00976325106,27.13000976325106,-1.1288292424156072,1000,1099796,2.0070228576660156
cpu,pamica,4096,4,sub-03,4900.596305120038,4.900596305120038,-1.1335565283549298,1000,1099796,1.6347732543945312
cpu,pamica,4096,4,sub-05,2370.5639649569057,2.3705639649569057,-0.9469104025013119,1000,1038926,1.7095069885253906
cpu,fortran,4096,4,sub-01,5292.419574690983,5.292419574690983,-1.153274000517731,1000,785328,0.6096000671386719
cpu,pamica,4096,4,sub-01,2594.9538831999525,2.5949538831999526,-1.1588623667347797,1000,785328,1.5034980773925781
cpu,jamica_fullbatch,4096,4,sub-01,3940.349889192963,3.940349889192963,-1.1531207626735362,1000,785328,15.068626403808594
cpu,pyamica,4096,4,sub-04,24855.012724897824,24.855012724897826,-1.1646014141141912,1000,1057036,1.9491653442382812
cpu,amica_python,4096,4,sub-03,3098.4918849519454,3.0984918849519456,-1.1288331933414206,1000,1099796,2.09033203125
cpu,jamica,4096,4,sub-02,3083.453844882999,3.083453844882999,-1.0325996078589716,1000,1364633,2.7831573486328125
cpu,amica_python,4096,4,sub-05,2736.946496532066,2.736946496532066,-0.9261730022396539,1000,1038926,2.00390625
cpu,jamica,4096,4,sub-04,2206.965855723014,2.206965855723014,-1.1659338425194816,1000,1057036,2.196624755859375
cpu,pyamica,4096,4,sub-05,26159.227864783024,26.159227864783023,-0.9263322416839727,1000,1038926,1.9197273254394531
cpu,pyamica,4096,4,sub-01,19317.5289938841,19.317528993884103,-1.1531678975012871,1000,785328,1.640716552734375
cpu,pamica,4096,4,sub-04,3674.8930171839893,3.6748930171839893,-1.174145026284508,1000,1057036,1.7389564514160156
cpu,jamica_fullbatch,4096,4,sub-05,3716.6251806791406,3.7166251806791406,-0.9266628655139011,1000,1038926,19.37970733642578
cpu,jamica,1024,4,sub-03,1037.1064894419978,1.037106489441998,-1.1287122835555479,1000,1099796,2.2771072387695312
cpu,jamica_fullbatch,1024,4,sub-04,5014.921881286005,5.014921881286005,-1.165934328770387,1000,1057036,19.759235382080078
cpu,jamica_fullbatch,1024,4,sub-03,5343.761272873031,5.343761272873031,-1.1287125143489516,1000,1099796,20.538185119628906
cpu,amica_python,1024,4,sub-02,2448.769759857998,2.448769759857998,-1.0326411136286082,1000,1364633,2.47119140625
cpu,amica_python,1024,4,sub-01,2057.5947524148505,2.0575947524148503,-1.1531747679439561,1000,785328,1.63916015625
cpu,pamica,1024,4,sub-02,3139.7021761538927,3.1397021761538926,-1.0433068548942346,1000,1364633,1.8597679138183594
cpu,jamica_fullbatch,1024,4,sub-02,4905.287007529056,4.905287007529056,-1.0325995667804688,1000,1364633,25.372329711914062
cpu,amica_python,1024,4,sub-04,3352.774005327141,3.352774005327141,-1.1657740778057468,1000,1057036,2.02880859375
cpu,jamica,1024,4,sub-01,868.6362239331938,0.8686362239331938,-1.153121217213391,1000,785328,1.6780319213867188
cpu,pamica,1024,4,sub-03,4414.634405831108,4.414634405831108,-1.1335605209307826,1000,1099796,1.6143684387207031
cpu,pamica,1024,4,sub-05,4924.001676086002,4.924001676086002,-0.9469545445786475,1000,1038926,1.5324020385742188
cpu,fortran,1024,4,sub-01,5544.249217160977,5.544249217160978,-1.1532738575988015,1000,785328,0.580078125
cpu,pamica,1024,4,sub-01,3350.409269624157,6.823644133654088,-1.159507842445461,491,785328,1.2946548461914062
cpu,jamica,1024,4,sub-05,3068.47877271194,3.06847877271194,-0.9266627436508678,1000,1038926,2.165576934814453
cpu,jamica_fullbatch,1024,4,sub-01,3596.831777476007,3.596831777476007,-1.1531207626735362,1000,785328,15.009632110595703
cpu,amica_python,1024,4,sub-03,3539.851063468959,3.539851063468959,-1.1288339766842799,1000,1099796,2.0888671875
cpu,amica_python,1024,4,sub-05,3183.533919837093,3.183533919837093,-0.9261729404619039,1000,1038926,2.0009765625
cpu,jamica,1024,4,sub-04,1844.4290252218489,1.844429025221849,-1.1659497325120136,1000,1057036,2.1951141357421875
cpu,pamica,1024,4,sub-04,5987.62027030508,5.98762027030508,-1.1741489901811526,1000,1057036,1.5763740539550781
cpu,jamica_fullbatch,1024,4,sub-05,3614.461055983091,3.614461055983091,-0.9266628655139011,1000,1038926,19.36868667602539
cpu,jamica_fullbatch,4096,3,sub-04,4295.521172631066,4.295521172631067,-1.165934328770387,1000,1057036,19.788063049316406
cpu,jamica_fullbatch,4096,3,sub-03,4261.960321235936,4.261960321235936,-1.1287125143489516,1000,1099796,20.556026458740234
cpu,amica_python,4096,3,sub-02,3591.6025044080016,3.5916025044080016,-1.0326399912111845,1000,1364633,2.4638671875
cpu,amica_python,4096,3,sub-01,1241.596986138029,1.241596986138029,-1.153174293021278,1000,785328,1.63330078125
cpu,pamica,4096,3,sub-02,5637.417415114818,5.637417415114818,-1.0436261271768486,1000,1364633,2.0332717895507812
cpu,jamica_fullbatch,4096,3,sub-02,5430.350000145845,5.430350000145845,-1.0325995667804688,1000,1364633,25.372173309326172
cpu,amica_python,4096,3,sub-04,3080.530717585003,3.080530717585003,-1.1657743738818092,1000,1057036,2.02587890625
cpu,jamica,4096,3,sub-01,1454.184073842829,1.454184073842829,-1.1531213874406419,1000,785328,1.6766510009765625
cpu,pamica,4096,3,sub-03,3324.7495444819797,3.3247495444819797,-1.1335565283549298,1000,1099796,1.7851829528808594
cpu,pamica,4096,3,sub-05,3042.5170447719283,3.0425170447719285,-0.9469104025013119,1000,1038926,1.752960205078125
cpu,fortran,4096,3,sub-01,5288.0211747989815,5.288021174798981,-1.153274000517731,1000,785328,0.6095848083496094
cpu,pamica,4096,3,sub-01,2596.632846799912,2.596632846799912,-1.1588623667347797,1000,785328,1.4907646179199219
cpu,jamica_fullbatch,4096,3,sub-01,3196.1599848228507,3.1961599848228506,-1.1531207626735362,1000,785328,15.007354736328125
cpu,pyamica,4096,3,sub-04,24451.731266239003,24.451731266239005,-1.1646014141141912,1000,1057036,1.99859619140625
cpu,amica_python,4096,3,sub-03,2312.336220765952,2.312336220765952,-1.1288331933414206,1000,1099796,2.0888671875
cpu,jamica,4096,3,sub-02,2518.5024101570016,2.5185024101570015,-1.0325996078589716,1000,1364633,2.7849884033203125
cpu,amica_python,4096,3,sub-05,2577.6255904370046,2.5776255904370045,-0.9261730022396539,1000,1038926,2.00537109375
cpu,jamica,4096,3,sub-04,2031.7130309978966,2.0317130309978966,-1.1659338425194816,1000,1057036,2.1998939514160156
cpu,pyamica,4096,3,sub-05,16568.667314678023,16.568667314678024,-0.9263322416839727,1000,1038926,1.9193572998046875
cpu,pyamica,4096,3,sub-01,24150.5347507291,24.1505347507291,-1.1531678975012871,1000,785328,1.5601387023925781
cpu,pamica,4096,3,sub-04,3858.1756264639553,3.858175626463955,-1.174145026284508,1000,1057036,1.7475090026855469
cpu,jamica_fullbatch,4096,3,sub-05,3398.7384309100453,3.3987384309100452,-0.9266628655139011,1000,1038926,19.315841674804688
cpu,jamica,65536,1,sub-03,3401.712612353964,3.401712612353964,-1.1287121527135848,1000,1099796,3.6425514221191406
cpu,jamica_fullbatch,65536,1,sub-04,3555.7925728280097,3.5557925728280098,-1.165934328770387,1000,1057036,19.746849060058594
cpu,pyamica,65536,1,sub-02,13555.446998296,13.555446998296,-1.0324873685624145,1000,1364633,4.070781707763672
cpu,jamica_fullbatch,65536,1,sub-03,5291.246751707047,5.291246751707047,-1.1287125143489516,1000,1099796,20.559139251708984
cpu,amica_python,65536,1,sub-02,6731.16853909404,6.73116853909404,-1.0326425239213264,1000,1364633,2.834564208984375
cpu,amica_python,65536,1,sub-01,3356.0176116189978,3.3560176116189977,-1.1531739567666115,1000,785328,2.1007957458496094
cpu,pamica,65536,1,sub-02,14281.274602347054,14.281274602347054,-1.0436649557302344,1000,1364633,3.2246055603027344
cpu,jamica_fullbatch,65536,1,sub-02,6370.638125583006,6.370638125583006,-1.0325995667804688,1000,1364633,25.419200897216797
cpu,amica_python,65536,1,sub-04,3961.637385435868,3.961637385435868,-1.1657744854520669,1000,1057036,2.2411842346191406
cpu,jamica,65536,1,sub-01,1650.7614313559607,1.6507614313559607,-1.153120984074983,1000,785328,3.7840652465820312
cpu,pyamica,65536,1,sub-03,11333.665072239004,11.333665072239004,-1.1288227877780357,1000,1099796,3.8504905700683594
cpu,pamica,65536,1,sub-03,9506.00972886011,9.50600972886011,-1.1335580237364855,1000,1099796,2.6824264526367188
cpu,pamica,65536,1,sub-05,11130.956527688075,11.130956527688074,-0.9469595019426734,1000,1038926,2.894542694091797
cpu,pamica,65536,1,sub-01,6753.630175016995,6.753630175016995,-1.158867480348329,1000,785328,2.3642005920410156
cpu,jamica_fullbatch,65536,1,sub-01,3973.5907781189308,3.973590778118931,-1.1531207626735362,1000,785328,14.809295654296875
cpu,pyamica,65536,1,sub-04,13131.33833749895,13.13133833749895,-1.1646013351520461,1000,1057036,3.929584503173828
cpu,jamica,65536,1,sub-02,2683.452739075059,2.683452739075059,-1.0326382906531968,1000,1364633,3.9646263122558594
cpu,amica_python,65536,1,sub-05,4431.035152623997,4.4310351526239975,-0.9261726776794893,1000,1038926,2.383586883544922
cpu,jamica,65536,1,sub-04,2773.117673028959,2.773117673028959,-1.165947202979753,1000,1057036,2.9693603515625
cpu,pyamica,65536,1,sub-05,11367.667331628036,11.367667331628036,-0.9263066256287176,1000,1038926,3.761138916015625
cpu,pyamica,65536,1,sub-01,8108.864212738001,8.108864212738,-1.1531676157253403,1000,785328,3.564544677734375
cpu,pamica,65536,1,sub-04,9010.247306814184,9.010247306814184,-1.1741389271273437,1000,1057036,2.9046401977539062
cpu,jamica_fullbatch,65536,1,sub-05,5015.7261984420475,5.015726198442048,-0.9266628655139011,1000,1038926,19.352294921875
cpu,jamica,65536,2,sub-03,3439.737651754869,3.4397376517548692,-1.1287121527135848,1000,1099796,3.6427040100097656
cpu,jamica_fullbatch,65536,2,sub-04,4548.794763979036,4.5487947639790365,-1.165934328770387,1000,1057036,19.761993408203125
cpu,jamica_fullbatch,65536,2,sub-03,4540.239675248042,4.540239675248042,-1.1287125143489516,1000,1099796,20.560245513916016
cpu,amica_python,65536,2,sub-02,5481.295633364003,5.481295633364003,-1.0326425239213264,1000,1364633,2.5646820068359375
cpu,amica_python,65536,2,sub-01,2968.449749411997,2.968449749411997,-1.1531739567666115,1000,785328,2.1199188232421875
cpu,pamica,65536,2,sub-02,10597.406210251851,10.597406210251851,-1.0436649557302344,1000,1364633,2.9362831115722656
cpu,jamica_fullbatch,65536,2,sub-02,5174.429404916009,5.174429404916009,-1.0325995667804688,1000,1364633,25.39889907836914
cpu,amica_python,65536,2,sub-04,3719.3063011439517,3.7193063011439516,-1.1657744854520669,1000,1057036,2.3462371826171875
cpu,fortran,65536,2,sub-02,10711.222199785,10.711222199784999,-1.03265569547342,1000,1364633,1.4862174987792969
cpu,jamica,65536,2,sub-01,2499.6693278481252,2.4996693278481255,-1.153120984074983,1000,785328,3.7862701416015625
cpu,pamica,65536,2,sub-03,10163.449526417004,10.163449526417004,-1.1335580237364855,1000,1099796,2.6841201782226562
cpu,fortran,65536,2,sub-01,7048.265971567016,7.048265971567016,-1.1532745255142114,1000,785328,1.2124557495117188
cpu,pamica,65536,2,sub-01,5890.954605885003,5.890954605885002,-1.158867480348329,1000,785328,2.3899765014648438
cpu,jamica_fullbatch,65536,2,sub-01,2876.3089699160773,2.8763089699160775,-1.1531207626735362,1000,785328,14.919178009033203
cpu,amica_python,65536,2,sub-03,4689.179507410998,4.689179507410998,-1.128833118236055,1000,1099796,2.4259872436523438
cpu,fortran,65536,2,sub-04,8469.416169628967,8.469416169628966,-1.1658347484066158,1000,1057036,1.295654296875
cpu,jamica,65536,2,sub-02,2943.3068307300564,2.9433068307300565,-1.0326382906531968,1000,1364633,4.036762237548828
cpu,fortran,65536,2,sub-05,8550.6891691091,8.5506891691091,-0.9265679751029275,1000,1038926,1.32989501953125
cpu,amica_python,65536,2,sub-05,3813.5877701729987,3.8135877701729988,-0.9261726776794893,1000,1038926,2.3715744018554688
cpu,jamica,65536,2,sub-04,2867.579835104989,2.867579835104989,-1.165947202979753,1000,1057036,2.9402084350585938
cpu,pyamica,65536,2,sub-05,9577.991435622098,9.577991435622097,-0.9263066256287176,1000,1038926,3.7831954956054688
cpu,pyamica,65536,2,sub-01,9306.76391744311,9.30676391744311,-1.1531676157253403,1000,785328,3.5890731811523438
cpu,fortran,65536,2,sub-03,7927.757681227056,7.927757681227057,-1.128725160754568,1000,1099796,1.3534774780273438
cpu,pamica,65536,2,sub-04,8793.47666620207,8.79347666620207,-1.1741389271273437,1000,1057036,2.9463233947753906
cpu,jamica_fullbatch,65536,2,sub-05,3689.6409060410224,3.6896409060410225,-0.9266628655139011,1000,1038926,19.383331298828125
cpu,jamica,65536,4,sub-03,2212.0830715859775,2.2120830715859774,-1.1287121527135848,1000,1099796,3.6695404052734375
cpu,jamica_fullbatch,65536,4,sub-04,3923.2446462279186,3.9232446462279187,-1.165934328770387,1000,1057036,19.765331268310547
cpu,jamica_fullbatch,65536,4,sub-03,3694.675587313017,3.694675587313017,-1.1287125143489516,1000,1099796,20.56446075439453
cpu,amica_python,65536,4,sub-02,4406.1095803128555,4.406109580312855,-1.0326425239213264,1000,1364633,2.835254669189453
cpu,amica_python,65536,4,sub-01,2188.3711546941195,2.1883711546941194,-1.1531739567666115,1000,785328,2.22149658203125
cpu,jamica_fullbatch,65536,4,sub-02,5187.8337532049045,5.187833753204904,-1.0325995667804688,1000,1364633,25.397506713867188
cpu,amica_python,65536,4,sub-04,3060.6954943151213,3.0606954943151212,-1.1657744854520669,1000,1057036,2.344066619873047
cpu,fortran,65536,4,sub-02,10444.764229993998,10.444764229993998,-1.03265569547342,1000,1364633,1.4862747192382812
cpu,jamica,65536,4,sub-01,2297.3747307881713,2.2973747307881713,-1.153120984074983,1000,785328,3.8048171997070312
cpu,fortran,65536,4,sub-01,5952.848541934043,5.952848541934043,-1.1532745255142114,1000,785328,1.2124900817871094
cpu,pamica,65536,4,sub-01,6922.221980996896,6.922221980996896,-1.158867480348329,1000,785328,2.6832923889160156
cpu,jamica_fullbatch,65536,4,sub-01,3145.6354610079434,3.1456354610079433,-1.1531207626735362,1000,785328,14.934253692626953
cpu,amica_python,65536,4,sub-03,4227.979690849999,4.227979690849999,-1.128833118236055,1000,1099796,2.239154815673828
cpu,fortran,65536,4,sub-04,8578.084815939888,8.578084815939889,-1.1658347484066158,1000,1057036,1.2974052429199219
cpu,fortran,65536,4,sub-05,8108.468939672923,8.108468939672923,-0.9265679751029275,1000,1038926,1.3386459350585938
cpu,amica_python,65536,4,sub-05,4267.759811546886,4.267759811546886,-0.9261726776794893,1000,1038926,2.2516136169433594
cpu,jamica,65536,4,sub-04,2602.6660201789346,2.6026660201789347,-1.165947202979753,1000,1057036,2.9822463989257812
cpu,pyamica,65536,4,sub-01,7747.6200139559805,7.747620013955981,-1.1531676157253403,1000,785328,3.6253433227539062
cpu,fortran,65536,4,sub-03,8015.205883242888,8.015205883242889,-1.128725160754568,1000,1099796,1.3527755737304688
cpu,jamica_fullbatch,65536,4,sub-05,5743.086284656994,5.743086284656995,-0.9266628655139011,1000,1038926,19.377483367919922
cpu,jamica,262144,1,sub-03,2513.814185439842,2.5138141854398417,-1.1287126076169087,1000,1099796,7.028553009033203
cpu,jamica_fullbatch,262144,1,sub-04,4191.701621426037,4.191701621426037,-1.165934328770387,1000,1057036,19.747779846191406
cpu,pyamica,262144,1,sub-02,14658.704503974877,14.658704503974878,-1.03248754998133,1000,1364633,10.012710571289062
cpu,jamica_fullbatch,262144,1,sub-03,6314.0191201299895,6.31401912012999,-1.1287125143489516,1000,1099796,20.536224365234375
cpu,amica_python,262144,1,sub-02,4907.848921501078,4.907848921501078,-1.0324055278559285,1000,1364633,4.571582794189453
cpu,amica_python,262144,1,sub-01,3661.3003914069996,3.6613003914069995,-1.1531749131075832,1000,785328,4.150245666503906
cpu,pamica,262144,1,sub-02,14037.256167754065,14.037256167754066,-1.0436374544561549,1000,1364633,6.3103179931640625
cpu,jamica_fullbatch,262144,1,sub-02,6369.406713917997,6.369406713917997,-1.0325995667804688,1000,1364633,25.393329620361328
cpu,amica_python,262144,1,sub-04,4783.714193799999,4.783714193799999,-1.1657743827973936,1000,1057036,4.140522003173828
cpu,jamica,262144,1,sub-01,2592.0325907549995,2.5920325907549997,-1.1531210133744665,1000,785328,13.085445404052734
cpu,pyamica,262144,1,sub-03,10498.553444915,10.498553444915,-1.1288224828355866,1000,1099796,9.807971954345703
cpu,pamica,262144,1,sub-03,8825.633672830882,8.825633672830882,-1.1335646630760174,1000,1099796,5.964599609375
cpu,pamica,262144,1,sub-05,8693.557234908003,8.693557234908003,-0.9469852310017606,1000,1038926,5.922637939453125
cpu,pamica,262144,1,sub-01,6297.399782576977,6.297399782576977,-1.1588531098989758,1000,785328,5.653240203857422
cpu,jamica_fullbatch,262144,1,sub-01,4122.735524418065,4.122735524418065,-1.1531207626735362,1000,785328,14.79458236694336
cpu,pyamica,262144,1,sub-04,10857.480894723907,10.857480894723906,-1.1646014422049205,1000,1057036,9.797809600830078
cpu,amica_python,262144,1,sub-03,4391.087111150846,4.391087111150846,-1.1288335242887821,1000,1099796,4.195056915283203
cpu,amica_python,262144,1,sub-05,3942.0731166731566,3.9420731166731566,-0.9261727335432843,1000,1038926,4.359718322753906
cpu,jamica,262144,1,sub-04,2888.3109110840596,2.8883109110840595,-1.165949071611673,1000,1057036,6.272743225097656
cpu,pyamica,262144,1,sub-01,11621.579342460958,11.621579342460958,-1.153167916050067,1000,785328,9.152576446533203
cpu,pamica,262144,1,sub-04,8118.922069378896,8.118922069378895,-1.1741332775845734,1000,1057036,6.194450378417969
cpu,jamica_fullbatch,262144,1,sub-05,3694.643237027107,3.694643237027107,-0.9266628655139011,1000,1038926,19.366432189941406
cpu,jamica,1024,3,sub-03,2134.5606742000673,2.1345606742000673,-1.1287122835555479,1000,1099796,2.2778358459472656
cpu,jamica_fullbatch,1024,3,sub-04,4163.965592018794,4.163965592018794,-1.165934328770387,1000,1057036,19.768875122070312
cpu,jamica_fullbatch,1024,3,sub-03,4714.347448345041,4.714347448345041,-1.1287125143489516,1000,1099796,20.563369750976562
cpu,amica_python,1024,3,sub-02,2355.7017229259945,2.3557017229259944,-1.0326411136286082,1000,1364633,2.47265625
cpu,amica_python,1024,3,sub-01,1821.329920263961,1.821329920263961,-1.1531747679439561,1000,785328,1.63916015625
cpu,pamica,1024,3,sub-02,9064.14577380917,9.06414577380917,-1.0433068548942346,1000,1364633,1.8409690856933594
cpu,jamica_fullbatch,1024,3,sub-02,5232.162188909017,5.232162188909016,-1.0325995667804688,1000,1364633,25.36212921142578
cpu,amica_python,1024,3,sub-04,3848.50976537494,3.84850976537494,-1.1657740778057468,1000,1057036,2.0302734375
cpu,jamica,1024,3,sub-01,874.4133139532059,0.874413313953206,-1.153121217213391,1000,785328,1.6776885986328125
cpu,pamica,1024,3,sub-03,4913.644235114101,4.913644235114101,-1.1335605209307826,1000,1099796,1.6078147888183594
cpu,pamica,1024,3,sub-05,4914.973682913929,4.91497368291393,-0.9469545445786475,1000,1038926,1.5543632507324219
cpu,fortran,1024,3,sub-01,5627.163942279061,5.627163942279061,-1.1532738575988015,1000,785328,0.580078125
cpu,pamica,1024,3,sub-01,1628.5274811070412,3.316756580666072,-1.159507842445461,491,785328,1.3157615661621094
cpu,jamica,1024,3,sub-05,2742.605925797019,2.7426059257970192,-0.9266627436508678,1000,1038926,2.166309356689453
cpu,jamica_fullbatch,1024,3,sub-01,3256.8838324230164,3.2568838324230165,-1.1531207626735362,1000,785328,15.03097915649414
cpu,amica_python,1024,3,sub-03,4491.631057054037,4.491631057054037,-1.1288339766842799,1000,1099796,2.0859375
cpu,amica_python,1024,3,sub-05,2894.714405704057,2.894714405704057,-0.9261729404619039,1000,1038926,2.0068359375
cpu,jamica,1024,3,sub-04,1984.9964669090696,1.9849964669090696,-1.1659497325120136,1000,1057036,2.1993942260742188
cpu,pamica,1024,3,sub-04,2907.2361191578675,2.9072361191578677,-1.1741489901811526,1000,1057036,1.5810050964355469
cpu,jamica_fullbatch,1024,3,sub-05,3274.5444944761693,3.2745444944761695,-0.9266628655139011,1000,1038926,19.360992431640625
cpu,jamica_fullbatch,16384,3,sub-04,3961.6787203669082,3.9616787203669084,-1.165934328770387,1000,1057036,19.75043487548828
cpu,pyamica,16384,3,sub-02,13749.290978297126,13.749290978297125,-1.0324868479060723,1000,1364633,2.9601593017578125
cpu,jamica_fullbatch,16384,3,sub-03,4979.731196922017,4.9797311969220175,-1.1287125143489516,1000,1099796,20.567787170410156
cpu,amica_python,16384,3,sub-02,4737.321686146781,4.737321686146781,-1.032403357339518,1000,1364633,2.46826171875
cpu,amica_python,16384,3,sub-01,2564.2367214278784,2.5642367214278785,-1.1531752639507848,1000,785328,1.63623046875
cpu,pamica,16384,3,sub-02,7315.187598512974,7.315187598512973,-1.0436709707432674,1000,1364633,2.750568389892578
cpu,jamica_fullbatch,16384,3,sub-02,5948.06550948997,5.94806550948997,-1.0325995667804688,1000,1364633,25.42029571533203
cpu,amica_python,16384,3,sub-04,2255.8143408580218,2.255814340858022,-1.1657741851869847,1000,1057036,2.02880859375
cpu,jamica,16384,3,sub-01,2074.1995907379314,2.0741995907379316,-1.153120968070542,1000,785328,1.8499794006347656
cpu,pyamica,16384,3,sub-03,10984.692637294997,10.984692637294996,-1.1288289201367367,1000,1099796,2.731060028076172
cpu,pamica,16384,3,sub-03,3835.7319716641214,3.835731971664121,-1.1335541288453626,1000,1099796,2.454456329345703
cpu,pamica,16384,3,sub-05,4624.758245042001,4.624758245042002,-0.9469392339595691,1000,1038926,2.4347381591796875
cpu,fortran,16384,3,sub-01,5817.2312956359965,5.817231295635996,-1.1532740759091828,1000,785328,0.7285423278808594
cpu,pamica,16384,3,sub-01,3549.4598858878016,3.5494598858878015,-1.158862823935041,1000,785328,1.7327613830566406
cpu,jamica,16384,3,sub-05,1637.9967877869494,1.6379967877869495,-0.9266632163840639,1000,1038926,2.163867950439453
cpu,jamica_fullbatch,16384,3,sub-01,3030.7395336208865,3.0307395336208867,-1.1531207626735362,1000,785328,15.014339447021484
cpu,pyamica,16384,3,sub-04,9652.763776650041,9.65276377665004,-1.1646010131686917,1000,1057036,2.7767562866210938
cpu,amica_python,16384,3,sub-03,3648.085469709942,3.648085469709942,-1.12883375406459,1000,1099796,2.09033203125
cpu,jamica,16384,3,sub-02,3363.755261433078,3.363755261433078,-1.032612940561554,1000,1364633,2.781982421875
cpu,amica_python,16384,3,sub-05,2300.352611575043,2.300352611575043,-0.9261726941453485,1000,1038926,2.0068359375
cpu,jamica,16384,3,sub-04,2049.8718302100897,2.0498718302100896,-1.165933259481914,1000,1057036,2.202716827392578
cpu,pyamica,16384,3,sub-05,8225.447362823877,8.225447362823877,-0.9263196292908551,1000,1038926,2.8220977783203125
cpu,pyamica,16384,3,sub-01,6636.646920151077,6.636646920151077,-1.1531675782854187,1000,785328,2.3584136962890625
cpu,pamica,16384,3,sub-04,3712.960730837891,3.712960730837891,-1.174129522158079,1000,1057036,2.331981658935547
cpu,jamica_fullbatch,16384,3,sub-05,3519.9363431348465,3.5199363431348467,-0.9266628655139011,1000,1038926,19.299530029296875
cpu,jamica_fullbatch,65536,8,sub-04,4647.382901767967,4.647382901767967,-1.165934328770387,1000,1057036,19.739364624023438
cpu,jamica_fullbatch,65536,8,sub-03,5301.357453804929,5.301357453804929,-1.1287125143489516,1000,1099796,20.59033203125
cpu,amica_python,65536,8,sub-02,4165.912637890084,4.1659126378900835,-1.0326425239213264,1000,1364633,2.844898223876953
cpu,amica_python,65536,8,sub-01,3090.1135624928866,3.0901135624928866,-1.1531739567666115,1000,785328,2.0178604125976562
cpu,jamica_fullbatch,65536,8,sub-02,4864.346787215909,4.864346787215909,-1.0325995667804688,1000,1364633,25.395870208740234
cpu,amica_python,65536,8,sub-04,4838.3074812509585,4.8383074812509586,-1.1657744854520669,1000,1057036,2.2624359130859375
cpu,fortran,65536,8,sub-02,10314.54762416301,10.31454762416301,-1.03265569547342,1000,1364633,1.4862022399902344
cpu,pyamica,65536,8,sub-03,10548.724151612958,10.548724151612959,-1.1288227877780357,1000,1099796,3.8392295837402344
cpu,pamica,65536,8,sub-03,10100.00418944098,10.10000418944098,-1.1335580237364855,1000,1099796,2.6851158142089844
cpu,fortran,65536,8,sub-01,7075.907751636114,7.075907751636114,-1.1532745255142114,1000,785328,1.2124671936035156
cpu,pamica,65536,8,sub-01,6089.3134329519235,6.089313432951924,-1.158867480348329,1000,785328,2.3904876708984375
cpu,jamica_fullbatch,65536,8,sub-01,3211.008487072075,3.2110084870720748,-1.1531207626735362,1000,785328,14.92431640625
cpu,amica_python,65536,8,sub-03,3377.2168905639555,3.3772168905639557,-1.128833118236055,1000,1099796,2.4755477905273438
cpu,fortran,65536,8,sub-04,9646.559568555793,9.646559568555793,-1.1658347484066158,1000,1057036,1.2929840087890625
cpu,fortran,65536,8,sub-05,7476.908427640097,7.476908427640097,-0.9265679751029275,1000,1038926,1.3285026550292969
cpu,amica_python,65536,8,sub-05,3936.3383607538417,3.9363383607538416,-0.9261726776794893,1000,1038926,2.251190185546875
cpu,fortran,65536,8,sub-03,9020.692620729096,9.020692620729097,-1.128725160754568,1000,1099796,1.3538627624511719
cpu,jamica_fullbatch,65536,8,sub-05,3270.5252344099863,3.270525234409986,-0.9266628655139011,1000,1038926,19.3045654296875
cpu,jamica,16384,4,sub-03,2393.483830657089,2.393483830657089,-1.1287120988809662,1000,1099796,2.2735519409179688
cpu,jamica_fullbatch,16384,4,sub-04,3791.8360637139995,3.7918360637139994,-1.165934328770387,1000,1057036,19.755931854248047
cpu,pyamica,16384,4,sub-02,15419.863316206029,15.419863316206028,-1.0324868479060723,1000,1364633,3.0907859802246094
cpu,jamica_fullbatch,16384,4,sub-03,4533.881025335984,4.533881025335984,-1.1287125143489516,1000,1099796,20.559978485107422
cpu,amica_python,16384,4,sub-02,3803.657130721025,3.803657130721025,-1.032403357339518,1000,1364633,2.4697265625
cpu,amica_python,16384,4,sub-01,2860.559351677075,2.860559351677075,-1.1531752639507848,1000,785328,1.6376953125
cpu,pamica,16384,4,sub-02,6474.416963245021,6.474416963245021,-1.0436709707432674,1000,1364633,2.5433349609375
cpu,jamica_fullbatch,16384,4,sub-02,4831.5701949012,4.8315701949012,-1.0325995667804688,1000,1364633,25.37464141845703
cpu,jamica,16384,4,sub-01,2077.7499987499323,2.0777499987499324,-1.153120968070542,1000,785328,1.8547554016113281
cpu,pyamica,16384,4,sub-03,9278.552665181924,9.278552665181923,-1.1288289201367367,1000,1099796,2.6826095581054688
cpu,pamica,16384,4,sub-03,4532.964174700901,4.532964174700901,-1.1335541288453626,1000,1099796,2.426738739013672
cpu,pamica,16384,4,sub-05,3820.7322997169977,3.8207322997169975,-0.9469392339595691,1000,1038926,2.32159423828125
cpu,fortran,16384,4,sub-01,6162.219370514998,6.162219370514999,-1.1532740759091828,1000,785328,0.7298202514648438
cpu,pamica,16384,4,sub-01,3370.4716767980717,3.3704716767980716,-1.158862823935041,1000,785328,2.1466445922851562
cpu,jamica,16384,4,sub-05,2140.482840270968,2.1404828402709684,-0.9266632163840639,1000,1038926,2.162281036376953
cpu,jamica_fullbatch,16384,4,sub-01,3052.958193080034,3.052958193080034,-1.1531207626735362,1000,785328,15.005672454833984
cpu,pyamica,16384,4,sub-04,10637.816699154006,10.637816699154005,-1.1646010131686917,1000,1057036,3.009124755859375
cpu,amica_python,16384,4,sub-03,3111.645089201862,3.111645089201862,-1.12883375406459,1000,1099796,2.08740234375
cpu,jamica,16384,4,sub-02,2358.065627021002,2.358065627021002,-1.032612940561554,1000,1364633,2.7816429138183594
cpu,amica_python,16384,4,sub-05,2568.925758518977,2.568925758518977,-0.9261726941453485,1000,1038926,2.00244140625
cpu,jamica,16384,4,sub-04,1950.8864358610008,1.9508864358610007,-1.165933259481914,1000,1057036,2.2033157348632812
cpu,pyamica,16384,4,sub-05,10173.198745627888,10.173198745627888,-0.9263196292908551,1000,1038926,2.7395477294921875
cpu,pyamica,16384,4,sub-01,10636.624280958902,10.636624280958902,-1.1531675782854187,1000,785328,2.5487937927246094
cpu,pamica,16384,4,sub-04,4249.338011815911,4.249338011815911,-1.174129522158079,1000,1057036,2.3548927307128906
cpu,jamica_fullbatch,16384,4,sub-05,3984.8638830259442,3.984863883025944,-0.9266628655139011,1000,1038926,19.384246826171875
cpu,jamica,1024,5,sub-03,1040.20494748099,1.04020494748099,-1.1287122835555479,1000,1099796,2.2796630859375
cpu,jamica_fullbatch,1024,5,sub-04,5038.376515544995,5.038376515544995,-1.165934328770387,1000,1057036,19.738006591796875
cpu,jamica_fullbatch,1024,5,sub-03,5337.806859045057,5.337806859045057,-1.1287125143489516,1000,1099796,20.57168960571289
cpu,amica_python,1024,5,sub-02,2411.1278797470004,2.4111278797470006,-1.0326411136286082,1000,1364633,2.47119140625
cpu,amica_python,1024,5,sub-01,1361.1173053141683,1.3611173053141683,-1.1531747679439561,1000,785328,1.63916015625
cpu,pamica,1024,5,sub-02,3520.7682938439975,3.5207682938439975,-1.0433068548942346,1000,1364633,1.8707771301269531
cpu,jamica_fullbatch,1024,5,sub-02,6114.062004382955,6.114062004382955,-1.0325995667804688,1000,1364633,25.412857055664062
cpu,amica_python,1024,5,sub-04,4046.2199844310526,4.046219984431053,-1.1657740778057468,1000,1057036,2.02880859375
cpu,jamica,1024,5,sub-01,877.4007828461472,0.8774007828461472,-1.153121217213391,1000,785328,1.6786727905273438
cpu,pamica,1024,5,sub-05,4674.704779678999,4.674704779678999,-0.9469545445786475,1000,1038926,1.5629463195800781
cpu,fortran,1024,5,sub-01,5610.244588531088,5.610244588531088,-1.1532738575988015,1000,785328,0.580078125
cpu,pamica,1024,5,sub-01,1500.0372467129491,3.0550656755864543,-1.159507842445461,491,785328,1.3117332458496094
cpu,jamica,1024,5,sub-05,1778.7446992029436,1.7787446992029436,-0.9266627436508678,1000,1038926,2.1625404357910156
cpu,jamica_fullbatch,1024,5,sub-01,3734.0140881820116,3.7340140881820116,-1.1531207626735362,1000,785328,15.010181427001953
cpu,amica_python,1024,5,sub-03,4733.554062617011,4.733554062617011,-1.1288339766842799,1000,1099796,2.09033203125
cpu,jamica,1024,5,sub-02,1470.642780351991,1.470642780351991,-1.0326581392398781,1000,1364633,2.7816543579101562
cpu,amica_python,1024,5,sub-05,3024.6514265961014,3.0246514265961015,-0.9261729404619039,1000,1038926,2.0068359375
cpu,jamica,1024,5,sub-04,1981.790729821194,1.9817907298211939,-1.1659497325120136,1000,1057036,2.1938934326171875
cpu,pamica,1024,5,sub-04,3860.9332111829426,3.8609332111829424,-1.1741489901811526,1000,1057036,1.5717506408691406
cpu,jamica_fullbatch,1024,5,sub-05,4274.222936484963,4.274222936484962,-0.9266628655139011,1000,1038926,19.299156188964844
cpu,jamica,1024,1,sub-03,3114.8798900779802,3.1148798900779804,-1.1287122835555479,1000,1099796,2.2823944091796875
cpu,jamica_fullbatch,1024,1,sub-04,4798.042744317994,4.7980427443179945,-1.165934328770387,1000,1057036,19.753948211669922
cpu,jamica_fullbatch,1024,1,sub-03,6343.454200191889,6.343454200191889,-1.1287125143489516,1000,1099796,20.566143035888672
cpu,amica_python,1024,1,sub-02,4564.931377261877,4.564931377261877,-1.0326411136286082,1000,1364633,2.466796875
cpu,amica_python,1024,1,sub-01,2271.7194661329995,2.2717194661329994,-1.1531747679439561,1000,785328,1.640625
cpu,pamica,1024,1,sub-02,8768.133803938981,8.768133803938982,-1.0433068548942346,1000,1364633,1.8452568054199219
cpu,jamica_fullbatch,1024,1,sub-02,6727.481597868988,6.727481597868987,-1.0325995667804688,1000,1364633,25.383831024169922
cpu,amica_python,1024,1,sub-04,4061.4505789629184,4.061450578962918,-1.1657740778057468,1000,1057036,2.03466796875
cpu,jamica,1024,1,sub-01,1313.127930445131,1.3131279304451309,-1.153121217213391,1000,785328,1.676116943359375
cpu,pamica,1024,1,sub-03,6238.512823648984,6.238512823648984,-1.1335605209307826,1000,1099796,1.6142616271972656
cpu,pamica,1024,1,sub-05,3305.04093347094,3.30504093347094,-0.9469545445786475,1000,1038926,1.5551643371582031
cpu,fortran,1024,1,sub-01,6589.507521399995,6.589507521399995,-1.1532738575988015,1000,785328,0.58154296875
cpu,pamica,1024,1,sub-01,1339.7872643900046,2.7286909661710887,-1.159507842445461,491,785328,1.3160285949707031
cpu,jamica,1024,1,sub-05,3072.667225641897,3.0726672256418968,-0.9266627436508678,1000,1038926,2.167377471923828
cpu,jamica_fullbatch,1024,1,sub-01,2904.6791510740295,2.9046791510740295,-1.1531207626735362,1000,785328,14.839866638183594
cpu,amica_python,1024,1,sub-03,4652.28425113298,4.65228425113298,-1.1288339766842799,1000,1099796,2.0888671875
cpu,amica_python,1024,1,sub-05,3020.014994597994,3.020014994597994,-0.9261729404619039,1000,1038926,2.00537109375
cpu,jamica,1024,1,sub-04,2516.886569065973,2.516886569065973,-1.1659497325120136,1000,1057036,2.196491241455078
cpu,pamica,1024,1,sub-04,7112.107159563806,7.112107159563806,-1.1741489901811526,1000,1057036,1.554779052734375
cpu,jamica_fullbatch,1024,1,sub-05,4609.47917392198,4.60947917392198,-0.9266628655139011,1000,1038926,19.306293487548828
cpu,jamica_fullbatch,16384,1,sub-04,4584.236948987003,4.584236948987003,-1.165934328770387,1000,1057036,19.753437042236328
cpu,pyamica,16384,1,sub-02,11644.410566109,11.644410566109,-1.0324868479060723,1000,1364633,3.163909912109375
cpu,jamica_fullbatch,16384,1,sub-03,4569.696234686999,4.569696234686998,-1.1287125143489516,1000,1099796,20.575000762939453
cpu,amica_python,16384,1,sub-02,5301.123825556133,5.301123825556133,-1.032403357339518,1000,1364633,2.4697265625
cpu,amica_python,16384,1,sub-01,1717.837049202004,1.717837049202004,-1.1531752639507848,1000,785328,1.6376953125
cpu,pamica,16384,1,sub-02,6608.537574210903,6.608537574210903,-1.0436709707432674,1000,1364633,2.66455078125
cpu,jamica_fullbatch,16384,1,sub-02,6523.165932461008,6.5231659324610085,-1.0325995667804688,1000,1364633,25.376617431640625
cpu,amica_python,16384,1,sub-04,2809.19598148996,2.8091959814899603,-1.1657741851869847,1000,1057036,2.03173828125
cpu,jamica,16384,1,sub-01,2135.0694841179065,2.1350694841179068,-1.153120968070542,1000,785328,1.8430252075195312
cpu,pyamica,16384,1,sub-03,10886.166107171914,10.886166107171913,-1.1288289201367367,1000,1099796,2.692394256591797
cpu,pamica,16384,1,sub-03,3948.541020129109,3.9485410201291087,-1.1335541288453626,1000,1099796,2.5801849365234375
cpu,pamica,16384,1,sub-05,6449.476933898986,6.449476933898986,-0.9469392339595691,1000,1038926,2.0331993103027344
cpu,fortran,16384,1,sub-01,7199.146047493909,7.199146047493908,-1.1532740759091828,1000,785328,0.7279434204101562
cpu,pamica,16384,1,sub-01,3763.233913760996,3.7632339137609963,-1.158862823935041,1000,785328,2.0551910400390625
cpu,jamica_fullbatch,16384,1,sub-01,3849.4967324859463,3.8494967324859464,-1.1531207626735362,1000,785328,14.807388305664062
cpu,pyamica,16384,1,sub-04,10225.203088436974,10.225203088436974,-1.1646010131686917,1000,1057036,2.7403335571289062
cpu,amica_python,16384,1,sub-03,3533.9063117839396,3.5339063117839395,-1.12883375406459,1000,1099796,2.09033203125
cpu,jamica,16384,1,sub-02,2738.078642370878,2.7380786423708776,-1.032612940561554,1000,1364633,2.7838516235351562
cpu,amica_python,16384,1,sub-05,2682.292941557942,2.682292941557942,-0.9261726941453485,1000,1038926,2.0068359375
cpu,jamica,16384,1,sub-04,1822.9538471819833,1.8229538471819833,-1.165933259481914,1000,1057036,2.1992454528808594
cpu,pyamica,16384,1,sub-05,9434.28191987495,9.43428191987495,-0.9263196292908551,1000,1038926,2.580455780029297
cpu,pyamica,16384,1,sub-01,7791.6113135149935,7.791611313514993,-1.1531675782854187,1000,785328,2.4248886108398438
cpu,pamica,16384,1,sub-04,4397.1851232379995,4.397185123238,-1.174129522158079,1000,1057036,2.2264137268066406
cpu,jamica_fullbatch,16384,1,sub-05,4489.853548219893,4.489853548219893,-0.9266628655139011,1000,1038926,19.407546997070312
cpu,jamica,1024,2,sub-03,3037.9783589348663,3.037978358934866,-1.1287122835555479,1000,1099796,2.281219482421875
cpu,jamica_fullbatch,1024,2,sub-04,4517.734443999827,4.517734443999827,-1.165934328770387,1000,1057036,19.769786834716797
cpu,jamica_fullbatch,1024,2,sub-03,6290.321888205828,6.2903218882058285,-1.1287125143489516,1000,1099796,20.557449340820312
cpu,amica_python,1024,2,sub-02,4401.91851966898,4.401918519668979,-1.0326411136286082,1000,1364633,2.4697265625
cpu,amica_python,1024,2,sub-01,1314.6017569480027,1.3146017569480026,-1.1531747679439561,1000,785328,1.63916015625
cpu,pamica,1024,2,sub-02,8860.16152288206,8.86016152288206,-1.0433068548942346,1000,1364633,1.8397140502929688
cpu,jamica_fullbatch,1024,2,sub-02,5134.489081183914,5.134489081183914,-1.0325995667804688,1000,1364633,25.425018310546875
cpu,amica_python,1024,2,sub-04,4000.226873962907,4.000226873962907,-1.1657740778057468,1000,1057036,2.0361328125
cpu,jamica,1024,2,sub-01,1363.3708638469689,1.3633708638469688,-1.153121217213391,1000,785328,1.6757392883300781
cpu,pamica,1024,2,sub-03,4135.580202925019,4.135580202925019,-1.1335605209307826,1000,1099796,1.6196174621582031
cpu,pamica,1024,2,sub-05,5145.76741680596,5.145767416805961,-0.9469545445786475,1000,1038926,1.5318336486816406
cpu,fortran,1024,2,sub-01,6329.986456789076,6.329986456789077,-1.1532738575988015,1000,785328,0.580078125
cpu,pamica,1024,2,sub-01,1863.6167340099346,3.7955534297554676,-1.159507842445461,491,785328,1.3113212585449219
cpu,jamica,1024,2,sub-05,2475.76732275798,2.4757673227579797,-0.9266627436508678,1000,1038926,2.1609458923339844
cpu,jamica_fullbatch,1024,2,sub-01,4631.875337361824,4.631875337361824,-1.1531207626735362,1000,785328,15.013538360595703
cpu,amica_python,1024,2,sub-03,3621.320209740894,3.621320209740894,-1.1288339766842799,1000,1099796,2.0888671875
cpu,amica_python,1024,2,sub-05,3207.4955661320128,3.2074955661320126,-0.9261729404619039,1000,1038926,2.00390625
cpu,jamica,1024,2,sub-04,2706.4732941179536,2.7064732941179535,-1.1659497325120136,1000,1057036,2.2013397216796875
cpu,pamica,1024,2,sub-04,3585.9994894380216,3.5859994894380214,-1.1741489901811526,1000,1057036,1.5698585510253906
cpu,jamica_fullbatch,1024,2,sub-05,4542.233499629889,4.542233499629889,-0.9266628655139011,1000,1038926,19.357357025146484
cpu,jamica,262144,3,sub-03,2447.3685548380017,2.4473685548380018,-1.1287126076169087,1000,1099796,6.966827392578125
cpu,jamica_fullbatch,262144,3,sub-04,4756.8084797759075,4.756808479775907,-1.165934328770387,1000,1057036,19.77248764038086
cpu,pyamica,262144,3,sub-02,18988.942503347993,18.988942503347992,-1.03248754998133,1000,1364633,9.91455078125
cpu,jamica_fullbatch,262144,3,sub-03,4668.526291428134,4.668526291428134,-1.1287125143489516,1000,1099796,20.562244415283203
cpu,amica_python,262144,3,sub-02,4861.533782991115,4.861533782991115,-1.0324055278559285,1000,1364633,4.405666351318359
cpu,amica_python,262144,3,sub-01,3138.873108377913,3.138873108377913,-1.1531749131075832,1000,785328,4.147651672363281
cpu,pamica,262144,3,sub-02,11382.137589951046,11.382137589951046,-1.0436374544561549,1000,1364633,6.233898162841797
cpu,jamica_fullbatch,262144,3,sub-02,5944.422883795807,5.9444228837958075,-1.0325995667804688,1000,1364633,25.375198364257812
cpu,amica_python,262144,3,sub-04,4214.230886996011,4.214230886996011,-1.1657743827973936,1000,1057036,4.192008972167969
cpu,jamica,262144,3,sub-01,2793.463566860999,2.793463566860999,-1.1531210133744665,1000,785328,13.06439208984375
cpu,pyamica,262144,3,sub-03,15114.937057096045,15.114937057096045,-1.1288224828355866,1000,1099796,9.863861083984375
cpu,pamica,262144,3,sub-03,8534.22043793602,8.53422043793602,-1.1335646630760174,1000,1099796,6.279762268066406
cpu,pamica,262144,3,sub-05,7851.876404181996,7.851876404181996,-0.9469852310017606,1000,1038926,5.925518035888672
cpu,fortran,262144,3,sub-01,6919.0849586369,6.9190849586369,-1.1532740274186675,1000,785328,3.1393470764160156
cpu,pamica,262144,3,sub-01,6588.509977994021,6.588509977994021,-1.1588531098989758,1000,785328,5.689487457275391
cpu,jamica_fullbatch,262144,3,sub-01,2804.772349777166,2.8047723497771657,-1.1531207626735362,1000,785328,15.008193969726562
cpu,pyamica,262144,3,sub-04,10148.892191418912,10.148892191418913,-1.1646014422049205,1000,1057036,9.797985076904297
cpu,amica_python,262144,3,sub-03,4548.716739231022,4.548716739231022,-1.1288335242887821,1000,1099796,4.532939910888672
cpu,amica_python,262144,3,sub-05,4397.407110638989,4.397407110638989,-0.9261727335432843,1000,1038926,4.346923828125
cpu,jamica,262144,3,sub-04,2409.1192166479304,2.4091192166479303,-1.165949071611673,1000,1057036,6.307792663574219
cpu,pyamica,262144,3,sub-01,7883.297443159856,7.883297443159856,-1.153167916050067,1000,785328,9.163253784179688
cpu,pamica,262144,3,sub-04,8434.140863768058,8.434140863768057,-1.1741332775845734,1000,1057036,6.225307464599609
cpu,jamica_fullbatch,262144,3,sub-05,4252.825457473053,4.252825457473053,-0.9266628655139011,1000,1038926,19.295494079589844
cpu,jamica,262144,4,sub-03,2848.8733203520533,2.848873320352053,-1.1287126076169087,1000,1099796,7.0162506103515625
cpu,jamica_fullbatch,262144,4,sub-04,4705.908751397859,4.7059087513978595,-1.165934328770387,1000,1057036,19.7100830078125
cpu,pyamica,262144,4,sub-02,16311.821482500061,16.31182148250006,-1.03248754998133,1000,1364633,10.11734390258789
cpu,jamica_fullbatch,262144,4,sub-03,4213.169123661006,4.213169123661006,-1.1287125143489516,1000,1099796,20.571514129638672
cpu,amica_python,262144,4,sub-02,5764.984739501961,5.76498473950196,-1.0324055278559285,1000,1364633,4.7046966552734375
cpu,amica_python,262144,4,sub-01,2710.9416762609035,2.7109416762609033,-1.1531749131075832,1000,785328,4.1496429443359375
cpu,pamica,262144,4,sub-02,12305.830228480045,12.305830228480044,-1.0436374544561549,1000,1364633,6.247840881347656
cpu,jamica_fullbatch,262144,4,sub-02,5909.339985225117,5.909339985225117,-1.0325995667804688,1000,1364633,25.385215759277344
cpu,amica_python,262144,4,sub-04,4212.855280663003,4.212855280663003,-1.1657743827973936,1000,1057036,4.197166442871094
cpu,pyamica,262144,4,sub-03,14691.370488335146,14.691370488335146,-1.1288224828355866,1000,1099796,9.677032470703125
cpu,pamica,262144,4,sub-03,8967.902653401019,8.967902653401019,-1.1335646630760174,1000,1099796,6.191715240478516
cpu,pamica,262144,4,sub-05,8810.835071044974,8.810835071044973,-0.9469852310017606,1000,1038926,5.91998291015625
cpu,fortran,262144,4,sub-01,7171.955257406924,7.171955257406924,-1.1532740274186675,1000,785328,3.1395797729492188
cpu,pamica,262144,4,sub-01,8305.166762868874,8.305166762868874,-1.1588531098989758,1000,785328,5.652965545654297
cpu,jamica_fullbatch,262144,4,sub-01,2879.3716030450014,2.8793716030450014,-1.1531207626735362,1000,785328,15.002635955810547
cpu,pyamica,262144,4,sub-04,9152.394384018844,9.152394384018844,-1.1646014422049205,1000,1057036,9.818206787109375
cpu,amica_python,262144,4,sub-03,4613.106774413958,4.613106774413958,-1.1288335242887821,1000,1099796,4.3942718505859375
cpu,amica_python,262144,4,sub-05,4443.387110362004,4.443387110362004,-0.9261727335432843,1000,1038926,4.364490509033203
cpu,jamica,262144,4,sub-04,2210.3343014230486,2.2103343014230488,-1.165949071611673,1000,1057036,6.2198638916015625
cpu,pyamica,262144,4,sub-01,10980.376164628891,10.980376164628892,-1.153167916050067,1000,785328,9.148441314697266
cpu,pamica,262144,4,sub-04,8269.874677730957,8.269874677730957,-1.1741332775845734,1000,1057036,6.239749908447266
cpu,jamica_fullbatch,262144,4,sub-05,4472.743552628002,4.472743552628002,-0.9266628655139011,1000,1038926,19.33236312866211
cpu,jamica_fullbatch,16384,2,sub-04,3526.3603606310207,3.5263603606310205,-1.165934328770387,1000,1057036,19.770713806152344
cpu,pyamica,16384,2,sub-02,13322.035250407876,13.322035250407877,-1.0324868479060723,1000,1364633,3.0440673828125
cpu,jamica_fullbatch,16384,2,sub-03,4934.510553882923,4.934510553882923,-1.1287125143489516,1000,1099796,20.55893325805664
cpu,amica_python,16384,2,sub-02,3836.615506993141,3.836615506993141,-1.032403357339518,1000,1364633,2.46826171875
cpu,amica_python,16384,2,sub-01,2096.4103131450247,2.0964103131450247,-1.1531752639507848,1000,785328,1.63623046875
cpu,pamica,16384,2,sub-02,6259.331908430206,6.259331908430205,-1.0436709707432674,1000,1364633,2.237712860107422
cpu,jamica_fullbatch,16384,2,sub-02,5212.0270551161375,5.212027055116137,-1.0325995667804688,1000,1364633,25.41891098022461
cpu,amica_python,16384,2,sub-04,2174.1383818059694,2.174138381805969,-1.1657741851869847,1000,1057036,2.0126953125
cpu,jamica,16384,2,sub-01,2162.5087599749677,2.1625087599749677,-1.153120968070542,1000,785328,1.8414077758789062
cpu,pyamica,16384,2,sub-03,12063.486482301028,12.063486482301029,-1.1288289201367367,1000,1099796,2.71875
cpu,pamica,16384,2,sub-03,4258.273933558026,4.258273933558026,-1.1335541288453626,1000,1099796,2.3661117553710938
cpu,pamica,16384,2,sub-05,4782.5502294609905,4.78255022946099,-0.9469392339595691,1000,1038926,2.3563499450683594
cpu,fortran,16384,2,sub-01,5935.181078487003,5.935181078487003,-1.1532740759091828,1000,785328,0.7285194396972656
cpu,pamica,16384,2,sub-01,4127.3253799250815,4.1273253799250815,-1.158862823935041,1000,785328,1.6641006469726562
cpu,jamica,16384,2,sub-05,2259.8133717938326,2.2598133717938325,-0.9266632163840639,1000,1038926,2.162487030029297
cpu,jamica_fullbatch,16384,2,sub-01,3357.157360516954,3.357157360516954,-1.1531207626735362,1000,785328,15.006519317626953
cpu,pyamica,16384,2,sub-04,10145.273426325992,10.145273426325991,-1.1646010131686917,1000,1057036,2.8955535888671875
cpu,amica_python,16384,2,sub-03,2808.6150686850306,2.8086150686850306,-1.12883375406459,1000,1099796,2.09033203125
cpu,jamica,16384,2,sub-02,2243.596375735011,2.243596375735011,-1.032612940561554,1000,1364633,2.786052703857422
cpu,amica_python,16384,2,sub-05,2726.92915700702,2.72692915700702,-0.9261726941453485,1000,1038926,2.0068359375
cpu,jamica,16384,2,sub-04,1893.7092880459968,1.8937092880459967,-1.165933259481914,1000,1057036,2.1965675354003906
cpu,pyamica,16384,2,sub-05,10035.103256335016,10.035103256335017,-0.9263196292908551,1000,1038926,2.7139053344726562
cpu,pyamica,16384,2,sub-01,6044.747746987967,6.044747746987967,-1.1531675782854187,1000,785328,2.6564102172851562
cpu,pamica,16384,2,sub-04,5729.732710009208,5.729732710009208,-1.174129522158079,1000,1057036,2.245147705078125
cpu,jamica_fullbatch,16384,2,sub-05,4390.381982485997,4.390381982485996,-0.9266628655139011,1000,1038926,19.35940170288086
cpu,jamica,262144,2,sub-03,2731.34812029195,2.7313481202919503,-1.1287126076169087,1000,1099796,7.040836334228516
cpu,jamica_fullbatch,262144,2,sub-04,3846.943297557067,3.846943297557067,-1.165934328770387,1000,1057036,19.761890411376953
cpu,pyamica,262144,2,sub-02,15486.500188746024,15.486500188746025,-1.03248754998133,1000,1364633,10.036056518554688
cpu,jamica_fullbatch,262144,2,sub-03,4407.567527752137,4.4075675277521364,-1.1287125143489516,1000,1099796,20.547225952148438
cpu,amica_python,262144,2,sub-02,6359.593951204093,6.3595939512040935,-1.0324055278559285,1000,1364633,4.428436279296875
cpu,amica_python,262144,2,sub-01,3280.2962495270185,3.2802962495270185,-1.1531749131075832,1000,785328,4.194927215576172
cpu,pamica,262144,2,sub-02,14112.748624158092,14.112748624158092,-1.0436374544561549,1000,1364633,6.331062316894531
cpu,jamica_fullbatch,262144,2,sub-02,4932.15714697307,4.932157146973069,-1.0325995667804688,1000,1364633,25.38393783569336
cpu,amica_python,262144,2,sub-04,3718.286357071993,3.718286357071993,-1.1657743827973936,1000,1057036,4.170021057128906
cpu,jamica,262144,2,sub-01,2964.4300506599975,2.9644300506599977,-1.1531210133744665,1000,785328,13.059028625488281
cpu,pyamica,262144,2,sub-03,10201.016400001012,10.201016400001011,-1.1288224828355866,1000,1099796,9.830284118652344
cpu,pamica,262144,2,sub-03,9508.211182460887,9.508211182460887,-1.1335646630760174,1000,1099796,5.962741851806641
cpu,pamica,262144,2,sub-05,10673.528019964011,10.673528019964012,-0.9469852310017606,1000,1038926,5.900310516357422
cpu,pamica,262144,2,sub-01,7084.675085721072,7.084675085721072,-1.1588531098989758,1000,785328,5.656253814697266
cpu,jamica,262144,2,sub-05,3054.7902501079952,3.0547902501079953,-0.9266629157028984,1000,1038926,9.898078918457031
cpu,jamica_fullbatch,262144,2,sub-01,3775.867110798834,3.775867110798834,-1.1531207626735362,1000,785328,15.001739501953125
cpu,pyamica,262144,2,sub-04,11090.968627582071,11.090968627582072,-1.1646014422049205,1000,1057036,9.803142547607422
cpu,amica_python,262144,2,sub-03,4540.204349922016,4.540204349922016,-1.1288335242887821,1000,1099796,4.217071533203125
cpu,amica_python,262144,2,sub-05,3908.8348252510186,3.9088348252510188,-0.9261727335432843,1000,1038926,4.355438232421875
cpu,jamica,262144,2,sub-04,2400.3383879158646,2.4003383879158644,-1.165949071611673,1000,1057036,6.337680816650391
cpu,pyamica,262144,2,sub-01,8874.774790167809,8.874774790167809,-1.153167916050067,1000,785328,9.152290344238281
cpu,pamica,262144,2,sub-04,8903.26211451902,8.90326211451902,-1.1741332775845734,1000,1057036,5.9199676513671875
cpu,jamica_fullbatch,262144,2,sub-05,3929.0344263298903,3.92903442632989,-0.9266628655139011,1000,1038926,19.331817626953125
